province_code,district_code,commune_code,commune_kh,commune_en
01,0102,010201,បន្ទាយនាង,Banteay Neang
01,0102,010202,បត់ត្រង់,Bat Trang
01,0102,010203,ចំណោម,Chamnaom
01,0102,010204,គោកបល្ល័ង្គ,Kouk Ballang
01,0102,010205,គយម៉ែង,Koy Maeng
01,0102,010206,អូរប្រាសាទ,Ou Prasat
01,0102,010207,ភ្នំតូច,Phnum Touch
01,0102,010208,រហាត់ទឹក,Rohat Tuek
01,0102,010209,ឫស្សីក្រោក,Ruessei Kraok
01,0102,010210,សំបួរ,Sambuor
01,0102,010211,សឿ,Soea
01,0102,010212,ស្រះរាំង,Srah Reang
01,0102,010213,តាឡំ,Ta Lam
01,0103,010301,ណាំតៅ,Nam Tau
01,0103,010302,ប៉ោយចារ,Paoy Char
01,0103,010303,ពន្លៃ,Punley
01,0103,010304,ស្ពានស្រែង,Spean Sraeng
01,0103,010305,ស្រះជីក,Srah Chik
01,0103,010306,ភ្នំដី,Phnum Dei
01,0104,010401,ឈ្នួរមានជ័យ,Chhnuo Mean Chey
01,0104,010402,ជប់វារី,Chub Vari
01,0104,010403,ភ្នំលៀប,Phnum Lieb
01,0104,010404,ប្រាសាទ,Prasat
01,0104,010405,ព្រះនេត្រព្រះ,Preah Net Preah
01,0104,010406,រហាល,Rohal
01,0104,010407,ទានកាំ,Tean Kam
01,0104,010408,ទឹកជោរ,Tuek Chour
01,0104,010409,បុស្បូវ,Bos Sbouv
01,0105,010501,ចង្ហា,Changha
01,0105,010502,កូប,Koub
01,0105,010503,គុត្ដសត,Kuttasat
01,0105,010505,សំរោង,Samraong
01,0105,010506,សូភី,Souphi
01,0105,010507,សឹង្ហ,Soeng
01,0105,010509,អូរបីជាន់,Ou Beichoan
01,0106,010602,កំពង់ស្វាយ,Kampong Svay
01,0106,010603,កោះពងសត្វ,Kaoh Pong Sat
01,0106,010604,ម្កាក់,Mkak
01,0106,010605,អូរអំបិល,Ou Ambel
01,0106,010606,ភ្នៀត,Phniet
01,0106,010607,ព្រះពន្លា,Preah Punlea
01,0106,010608,ទឹកថ្លា,Tuek Thla
01,0107,010701,បន្ទាយឆ្មារ,Banteay Chhmar
01,0107,010702,គោករមៀត,Kouk Romiet
01,0107,010703,ភូមិថ្មី,Phum Thmei
01,0107,010704,ថ្មពួក,Thma Puok
01,0107,010705,គោកកឋិន,Kouk Kakthen
01,0107,010706,គំរូ,Kumru
01,0108,010801,ផ្គាំ,Phkoam
01,0108,010802,សារង្គ,Sarongk
01,0108,010803,ស្លក្រាម,Sla Kram
01,0108,010804,ស្វាយចេក,Svay Chek
01,0108,010805,តាបែន,Ta Baen
01,0108,010806,តាផូ,Ta Phou
01,0108,010807,ទ្រាស,Treas
01,0108,010808,រលួស,Roluos
01,0109,010901,បឹងបេង,Boeng Beng
01,0109,010902,ម៉ាឡៃ,Malai
01,0109,010903,អូរសំព័រ,Ou Sampoar
01,0109,010904,អូរស្រឡៅ,Ou Sralau
01,0109,010905,ទួលពង្រ,Tuol Pongro
01,0109,010906,តាគង់,Ta Kong
01,0110,011001,និមិត្ដ,Nimit
01,0110,011002,ប៉ោយប៉ែត,Paoy Paet
01,0110,011003,ផ្សារកណ្តាល,Phsar Kandal
01,0110,011004,អូរជ្រៅ,Ou Chrov
01,0110,011005,អូរឫស្សី,Ou Ruessei
02,0201,020101,កន្ទឺ ១,Kantueu Muoy
02,0201,020102,កន្ទឺ ២,Kantueu Pir
02,0201,020103,បាយដំរាំ,Bay Damram
02,0201,020104,ឈើទាល,Chheu Teal
02,0201,020105,ចែងមានជ័យ,Chaeng Mean Chey
02,0201,020106,ភ្នំសំពៅ,Phnum Sampov
02,0201,020107,ស្នឹង,Snoeng
02,0201,020108,តាគ្រាម,Ta Kream
02,0202,020201,តាពូង,Ta Pung
02,0202,020202,តាម៉ឺន,Ta Meun
02,0202,020203,អូរតាគី,Ou Ta Ki
02,0202,020204,ជ្រៃ,Chrey
02,0202,020205,អន្លង់រុន,Anlung Run
02,0202,020206,ជ្រោយស្ដៅ,Chrouy Sdau
02,0202,020207,បឹងព្រីង,Boeng Pring
02,0202,020208,គោកឃ្មុំ,Kouk Khmum
02,0202,020209,បន្សាយត្រែង,Bansay Traeng
02,0202,020210,រូងជ្រៃ,Rung Chrey
02,0203,020301,ទួលតាឯក,Tuol Ta Ek
02,0203,020302,ព្រែកព្រះស្ដេច,Prek Preah Sdach
02,0203,020303,រតនៈ,Rottaknak
02,0203,020304,ចំការសំរោង,Chomkar Somraong
02,0203,020305,ស្លាកែត,Sla Ket
02,0203,020306,ក្ដុលដូនទាវ,Kdol Doun Teav
02,0203,020307,អូរម៉ាល់,OMal
02,0203,020308,វត្ដគរ,wat Kor
02,0203,020309,អូរចារ,Ou Char
02,0203,020310,ស្វាយប៉ោ,Svay Por
02,0204,020401,បវេល,Bavel
02,0204,020402,ខ្នាចរមាស,Khnach Romeas
02,0204,020403,ល្វា,Lvea
02,0204,020404,ព្រៃខ្ពស់,Prey Khpos
02,0204,020405,អំពិលប្រាំដើម,Ampil Pram Daeum
02,0204,020406,ក្ដុលតាហែន,Kdol Ta Haen
02,0204,020407,បឹងប្រាំ,Boeung Pram
02,0204,020408,ឃ្លាំងមាស,Khlaeng Meas
02,0204,020409,បូវិល,Buovel
02,0205,020501,ព្រែកនរិន្ទ,Preaek Norin
02,0205,020502,សំរោងក្នុង,Samraong Knong
02,0205,020503,ព្រែកខ្ពប,Preaek Khpob
02,0205,020504,ព្រែកហ្លួង,Preaek Luong
02,0205,020505,ពាមឯក,Peam Aek
02,0205,020506,ព្រៃចាស់,Prey Chas
02,0205,020507,កោះជីវាំង,Kaoh Chiveang
02,0206,020601,មោង,Moung
02,0206,020602,គារ,Kear
02,0206,020603,ព្រៃស្វាយ,Prey Svay
02,0206,020604,ឫស្សីក្រាំង,Ruessei Krang
02,0206,020605,ជ្រៃ,Chrey
02,0206,020606,តាលាស់,Ta Loas
02,0206,020607,កកោះ,Kakaoh
02,0206,020608,ព្រៃតូច,Prey Touch
02,0206,020609,របស់មង្គល,Robas Mongkol
02,0207,020701,ស្ដៅ,Sdau
02,0207,020702,អណ្ដើកហែប,Andaeuk Haeb
02,0207,020703,ផ្លូវមាស,Phlov Meas
02,0207,020704,ត្រែង,Traeng
02,0207,020705,រស្មីសង្ហារ,Reaksmei Songha
02,0208,020801,អន្លង់វិល,Anlung Vil
02,0208,020802,នរា,Norea
02,0208,020803,តាប៉ុន,Ta Pon
02,0208,020804,រកា,Roka
02,0208,020805,កំពង់ព្រះ,Kampong Preah
02,0208,020806,កំពង់ព្រៀង,Kampong Prieng
02,0208,020807,រាំងកេសី,Reang Kesei
02,0208,020808,អូរដំបង ១,Ou Dambang Muoy
02,0208,020809,អូរដំបង ២,Ou Dambang Pir
02,0208,020810,វត្ដតាមិម,Vaot Ta Muem
02,0209,020901,តាតោក,Ta Taok
02,0209,020902,កំពង់ល្ពៅ,Kampong Lpov
02,0209,020903,អូរសំរិល,Ou Samrel
02,0209,020904,ស៊ុង,Sung
02,0209,020905,សំឡូត,Samlout
02,0209,020906,មានជ័យ,Mean Chey
02,0209,020907,តាសាញ,Ta Sanh
02,0210,021001,សំពៅលូន,Sampov Lun
02,0210,021002,អង្គរបាន,Angkor Ban
02,0210,021003,តាស្ដា,Ta Sda
02,0210,021004,សន្ដិភាព,Santepheap
02,0210,021005,សេរីមានជ័យ,Serei Mean Chey
02,0210,021006,ជ្រៃសីមា,Chrey Seima
02,0211,021101,ភ្នំព្រឹក,Phnum Proek
02,0211,021102,ពេជ្រចិន្ដា,Pech Chenda
02,0211,021104,បារាំងធ្លាក់,Barang Thleak
02,0211,021105,អូររំដួល,Ou Rumduol
02,0211,021106,បួរ,Bour
02,0212,021201,កំរៀង,Kamrieng
02,0212,021202,បឹងរាំង,Boeng Reang
02,0212,021203,អូរដា,Ou Da
02,0212,021204,ត្រាង,Trang
02,0212,021205,តាសែន,Ta Saen
02,0212,021206,តាក្រី,Ta Krei
02,0213,021301,ធិបតី,Thipakdei
02,0213,021302,គាស់ក្រឡ,Kaos Krala
02,0213,021303,ហប់,Hab
02,0213,021304,ព្រះផុស,Preah Phos
02,0213,021305,ដូនបា,Doun Ba
02,0213,021306,ឆ្នាល់មាន់,Chhnal Moan
02,0214,021401,ព្រែកជីក,Preaek Chik
02,0214,021402,ព្រៃត្រឡាច,Prey Tralach
02,0214,021403,បាសាក់,Basak
02,0214,021404,មុខរាហ៍,Mukh Rea
02,0214,021405,ស្តុកប្រវឹក,Sdok Pravoek
03,0301,030101,បាធាយ,Batheay
03,0301,030102,ច្បារអំពៅ,Chbar Ampov
03,0301,030103,ជាលា,Chealea
03,0301,030104,ជើងព្រៃ,Cheung Prey
03,0301,030105,មេព្រីង,Me Pring
03,0301,030106,ផ្អាវ,Phav
03,0301,030107,សំបូរ,Sambour
03,0301,030108,សណ្ដែក,Sandaek
03,0301,030109,តាំងក្រាំង,Tang Krang
03,0301,030110,តាំងក្រសាំង,Tang Krasang
03,0301,030111,ត្រប់,Trab
03,0301,030112,ទំនប់,Tumnob
03,0302,030201,បុសខ្នុរ,Bos Khnor
03,0302,030202,ចំការអណ្ដូង,Chamkar Andoung
03,0302,030203,ជយោ,Cheyyou
03,0302,030204,ល្វាលើ,Lvea Leu
03,0302,030205,ស្ពឺ,Spueu
03,0302,030206,ស្វាយទាប,Svay Teab
03,0302,030207,តាអុង,Ta Ong
03,0302,030208,តាប្រុក,Ta Prok
03,0303,030301,ខ្នុរដំបង,Khnor Dambang
03,0303,030302,គោករវៀង,Kouk Rovieng
03,0303,030303,ផ្ដៅជុំ,Pdau Chum
03,0303,030304,ព្រៃចារ,Prey Char
03,0303,030305,ព្រីងជ្រុំ,Pring Chrum
03,0303,030306,សំពងជ័យ,Sampong Chey
03,0303,030307,ស្ដើងជ័យ,Sdaeung Chey
03,0303,030308,សូទិព្វ,Soutib
03,0303,030309,ស្រម៉រ,Sramar
03,0303,030310,ត្រពាំងគរ,Trapeang Kor
03,0305,030501,បឹងកុក,Boeng Kok
03,0305,030502,កំពង់ចាម,Kampong Cham
03,0305,030503,សំបួរមាស,Sambuor Meas
03,0305,030504,វាលវង់,Veal Vung
03,0306,030601,អំពិល,Ampil
03,0306,030602,ហាន់ជ័យ,Hanchey
03,0306,030603,កៀនជ្រៃ,Kien Chrey
03,0306,030604,គគរ,Kokor
03,0306,030605,កោះមិត្ដ,Kaoh Mitt
03,0306,030606,កោះរកា,Kaoh Roka
03,0306,030607,កោះសំរោង,Kaoh Samraong
03,0306,030608,កោះទន្ទឹម,Kaoh Tontuem
03,0306,030609,ក្រឡា,Krala
03,0306,030610,អូរស្វាយ,Ou Svay
03,0306,030611,រអាង,Ro'ang
03,0306,030612,រំចេក,Rumchek
03,0306,030613,ស្រក,Srak
03,0306,030614,ទ្រាន,Trean
03,0306,030615,វិហារធំ,Vihea Thum
03,0307,030701,អង្គរបាន,Angkor Ban
03,0307,030702,កងតាណឹង,Kang Ta Noeng
03,0307,030703,ខ្ចៅ,Khchau
03,0307,030704,ពាមជីកង,Peam Chi Kang
03,0307,030705,ព្រែកកុយ,Preaek Koy
03,0307,030706,ព្រែកក្របៅ,Preaek Krabau
03,0307,030707,រាយប៉ាយ,Reay Pay
03,0307,030708,រកាអារ,Roka Ar
03,0307,030709,រកាគយ,Roka Koy
03,0307,030710,ស្ដៅ,Sdau
03,0307,030711,សូរគង,Sour Kong
03,0308,030801,កំពង់រាប,Kampong Reab
03,0308,030802,កោះសូទិន,Kaoh Sotin
03,0308,030803,ល្វេ,Lve
03,0308,030804,មហាលាភ,Moha Leaph
03,0308,030805,មហាខ្ញូង,Moha Khnhoung
03,0308,030806,ពាមប្រធ្នោះ,Peam Prathnuoh
03,0308,030807,ពង្រ,Pongro
03,0308,030808,ព្រែកតានង់,Preaek Ta Nong
03,0313,031301,បារាយណ៍,Baray
03,0313,031302,បឹងណាយ,Boeng Nay
03,0313,031303,ជ្រៃវៀន,Chrey Vien
03,0313,031304,ខ្វិតធំ,Khvet Thum
03,0313,031305,គរ,Kor
03,0313,031306,ក្រូច,Krouch
03,0313,031307,ល្វា,Lvea
03,0313,031308,មៀន,Mien
03,0313,031309,ព្រៃឈរ,Prey Chhor
03,0313,031310,សូរ្យសែន,Sou Saen
03,0313,031311,សំរោង,Samraong
03,0313,031312,ស្រង៉ែ,Srangae
03,0313,031313,ថ្មពូន,Thma Pun
03,0313,031314,តុងរ៉ុង,Tong Rong
03,0313,031315,ត្រពាំងព្រះ,Trapeang Preah
03,0314,031401,បារាយណ៍,Baray
03,0314,031402,ជីបាល,Chi Bal
03,0314,031403,ខ្នារស,Khnar Sa
03,0314,031404,កោះអណ្ដែត,Kaoh Andaet
03,0314,031405,មានជ័យ,Mean Chey
03,0314,031406,ផ្ទះកណ្ដាល,Phteah Kandal
03,0314,031407,ប្រាំយ៉ាម,Pram Yam
03,0314,031408,ព្រែកដំបូក,Preaek Dambouk
03,0314,031409,ព្រែកពោធិ,Preaek Pou
03,0314,031410,ព្រែករំដេង,Preaek Rumdeng
03,0314,031411,ឫស្សីស្រុក,Ruessei Srok
03,0314,031412,ស្វាយពោធិ,Svay Pou
03,0314,031413,ស្វាយខ្សាច់ភ្នំ,Svay Khsach Phnum
03,0314,031414,ទងត្រឡាច,Tong Tralach
03,0315,031501,អារក្សត្នោត,Areak Tnaot
03,0315,031503,ដងក្ដារ,Dang Kdar
03,0315,031504,ខ្ពបតាងួន,Khpob Ta Nguon
03,0315,031505,មេសរជ្រៃ,Me Sar Chrey
03,0315,031506,អូរម្លូ,Ou Mlu
03,0315,031507,ពាមកោះស្នា,Peam Kaoh Sna
03,0315,031508,ព្រះអណ្ដូង,Preah Andoung
03,0315,031509,ព្រែកបាក់,Preaek Bak
03,0315,031510,ព្រែកកក់,Preak Kak
03,0315,031512,សូភាស,Soupheas
03,0315,031513,ទួលព្រះឃ្លាំង,Tuol Preah Khleang
03,0315,031514,ទួលសំបួរ,Tuol Sambuor
04,0401,040101,អញ្ចាញរូង,Anhchanh Rung
04,0401,040102,ឆ្នុកទ្រូ,Chhnok Tru
04,0401,040103,ចក,Chak
04,0401,040104,ខុនរ៉ង,Khon Rang
04,0401,040105,កំពង់ព្រះគគីរ,Kampong Preah Kokir
04,0401,040106,មេលំ,Melum
04,0401,040107,ផ្សារ,Phsar
04,0401,040108,ពេជចង្វារ,Pech Changvar
04,0401,040109,ពពេល,Popel
04,0401,040110,ពន្លៃ,Punley
04,0401,040111,ត្រពាំងចាន់,Trapeang Chan
04,0402,040201,ជលសា,Chul Sar
04,0402,040202,កោះថ្កូវ,Kaoh Thkouv
04,0402,040203,កំពង់អុស,Kampong Os
04,0402,040204,ពាមឆ្កោក,Peam Chhkaok
04,0402,040205,ព្រៃគ្រី,Prey Kri
04,0403,040301,ផ្សារឆ្នាំង,Phsar Chhnang
04,0403,040302,កំពង់ឆ្នាំង,Kampong Chhnang
04,0403,040303,ប្អេរ,B'er
04,0403,040304,ខ្សាម,Khsam
04,0404,040401,ច្រណូក,Chranouk
04,0404,040402,ដារ,Dar
04,0404,040403,កំពង់ហៅ,Kampong Hau
04,0404,040404,ផ្លូវទូក,Phlov Tuk
04,0404,040405,ពោធិ៍,Pou
04,0404,040406,ប្រឡាយមាស,Pralay Meas
04,0404,040407,សំរោងសែន,Samraong Saen
04,0404,040408,ស្វាយរំពារ,Svay Rumpear
04,0404,040409,ត្រងិល,Trangel
04,0405,040501,អំពិលទឹក,Ampil Tuek
04,0405,040502,ឈូកស,Chhuk Sa
04,0405,040503,ច្រេស,Chres
04,0405,040504,កំពង់ត្រឡាច,Kampong Tralach
04,0405,040505,លង្វែក,Lungveaek
04,0405,040506,អូរឫស្សី,Ou Ruessei
04,0405,040507,ពានី,Peani
04,0405,040508,សែប,Saeb
04,0405,040509,តាជេស,Ta Ches
04,0405,040510,ថ្មឥដ្ឋ,Thma Ed
04,0406,040601,អណ្ដូងស្នាយ,Andoung Snay
04,0406,040602,បន្ទាយព្រាល,Banteay Preal
04,0406,040603,ជើងគ្រាវ,Cheung Kreav
04,0406,040604,ជ្រៃបាក់,Chrey Bak
04,0406,040605,គោកបន្ទាយ,Kouk Banteay
04,0406,040606,ក្រាំងលាវ,Krang Leav
04,0406,040607,ពង្រ,Pongro
04,0406,040608,ប្រស្នឹប,Prasnoeb
04,0406,040609,ព្រៃមូល,Prey Mul
04,0406,040610,រលាប្អៀរ,Rolea B'ier
04,0406,040611,ស្រែថ្មី,Srae Thmei
04,0406,040612,ស្វាយជ្រុំ,Svay Chrum
04,0406,040613,ទឹកហូត,Tuek Hout
04,0406,040614,ភ្នំក្រាំងដីមាស,Phnum Krang Dei Meas
04,0407,040701,ឈានឡើង,Chhean Laeung
04,0407,040702,ខ្នារឆ្មារ,Khna Chhmar
04,0407,040703,ក្រាំងល្វា,Krang Lvea
04,0407,040704,ពាម,Peam
04,0407,040705,សេដ្ឋី,Sedthei
04,0407,040706,ស្វាយ,Svay
04,0407,040707,ស្វាយជុក,Svay Chuk
04,0407,040708,ត្បែងខ្ពស់,Tbaeng Khpuos
04,0407,040709,ធ្លកវៀន,Thlok Vien
04,0408,040801,អភិវឌ្ឍន៍,Akphivoad
04,0408,040802,ជៀប,Chieb
04,0408,040803,ចោងម៉ោង,Chaong Maong
04,0408,040804,ក្បាលទឹក,Kbal Tuek
04,0408,040805,ខ្លុងពពក,Khlong Popok
04,0408,040806,ក្រាំងស្គារ,Krang Skear
04,0408,040807,តាំងក្រសាំង,Tang Krasang
04,0408,040808,ទួលខ្ពស់,Tuol Khpos
04,0408,040809,ក្តុលសែនជ័យ,Kdol Saen Chey
05,0501,050101,បរសេដ្ឋ,Basaed
05,0501,050102,កាត់ភ្លុក,Kat Phluk
05,0501,050103,និទាន,Nitean
05,0501,050104,ភក្ដី,Pheakdei
05,0501,050105,ភារីមានជ័យ,Pheari Mean Chey
05,0501,050106,ផុង,Phong
05,0501,050107,ពោធិអង្ក្រង,Pou Angkrang
05,0501,050108,ពោធិ៍ចំរើន,Pou Chamraeun
05,0501,050109,ពោធិ៍ម្រាល,Pou Mreal
05,0501,050110,ស្វាយចចិប,Svay Chacheb
05,0501,050111,ទួលអំពិល,Tuol Ampil
05,0501,050112,ទួលសាលា,Tuol Sala
05,0501,050113,កក់,Kak
05,0501,050114,ស្វាយរំពារ,Svay Rumpear
05,0501,050115,ព្រះខែ,Preah Khae
05,0502,050201,ច្បារមន,Chbar Mon
05,0502,050202,កណ្ដោលដុំ,Kandaol Dom
05,0502,050203,រការធំ,Rokar Thum
05,0502,050204,សុព័រទេព,Sopoar Tep
05,0502,050205,ស្វាយក្រវ៉ាន់,Svay Kravan
05,0503,050301,អង្គពពេល,Ang Popel
05,0503,050302,ជង្រុក,Chungruk
05,0503,050303,មហាឫស្សី,Moha Ruessei
05,0503,050304,ពេជ្រមុនី,Pech Muni
05,0503,050305,ព្រះនិព្វាន,Preah Nipean
05,0503,050306,ព្រៃញាតិ,Prey Nheat
05,0503,050307,ព្រៃវិហារ,Prey Vihea
05,0503,050308,រកាកោះ,Roka Kaoh
05,0503,050309,ស្ដុក,Sdok
05,0503,050310,ស្នំក្រពើ,Snam Krapeu
05,0503,050311,ស្រង់,Srang
05,0503,050312,ទឹកល្អក់,Tuek L'ak
05,0503,050313,វាល,Veal
05,0504,050401,ហោងសំណំ,Haong Samnam
05,0504,050402,រស្មីសាមគ្គី,Reaksmei Sammeakki
05,0504,050403,ត្រពាំងជោ,Trapeang Chou
05,0504,050404,សង្កែសាទប,Sangkae Satob
05,0504,050405,តាសាល,Ta Sal
05,0506,050601,ចំបក់,Chambak
05,0506,050602,ជាំសង្កែ,Choam Sangkae
05,0506,050603,ដំបូករូង,Dambouk Rung
05,0506,050604,គិរីវន្ដ,Kiri Voan
05,0506,050605,ក្រាំងដីវ៉ាយ,Krang Dei Vay
05,0506,050606,មហាសាំង,Moha Sang
05,0506,050607,អូរ,Ou
05,0506,050608,ព្រៃរំដួល,Prey Rumduol
05,0506,050609,ព្រៃក្មេង,Prey Kmeng
05,0506,050610,តាំងសំរោង,Tang Samraong
05,0506,050611,តាំងស្យា,Tang Sya
05,0506,050613,ត្រែងត្រយឹង,Traeng Trayueng
05,0506,050614,យាយម៉ៅពេជ្រនិល,Yeay Mau Pech Nil
05,0507,050701,រលាំងចក,Roleang Chak
05,0507,050702,កាហែង,Kahaeng
05,0507,050703,ខ្ទុំក្រាំង,Khtum Krang
05,0507,050704,ក្រាំងអំពិល,Krang Ampil
05,0507,050705,ព្នាយ,Pneay
05,0507,050706,រលាំងគ្រើល,Roleang Kreul
05,0507,050707,សំរោងទង,Samrong Tong
05,0507,050708,សំបូរ,Sambour
05,0507,050709,សែងដី,Saen Dei
05,0507,050710,ស្គុះ,Skuh
05,0507,050711,តាំងក្រូច,Tang Krouch
05,0507,050712,ធម្មតាអរ,Thoam Ta Ar
05,0507,050713,ត្រពាំងគង,Trapeang Kong
05,0507,050714,ទំព័រមាស,Tumpoar Meas
05,0507,050715,វល្លិសរ,Voa Sar
05,0508,050801,អមលាំង,Amleang
05,0508,050802,មនោរម្យ,Meaknourum
05,0508,050804,ប្រាំបីមុម,Prambei Mum
05,0508,050805,រុងរឿង,Rung Roeang
05,0508,050806,ទ័ពមាន,Toap Mean
05,0508,050807,វាលពន់,Veal Pun
05,0508,050808,យាអង្គ,Yea Ang
05,0509,050901,វាំងចាស់,Veang Chas
05,0509,050902,វាលពង់,Veal Pung
05,0509,050903,ត្រាចទង,Trach Tong
05,0509,050904,ព្រះស្រែ,Preah Srae
05,0509,050905,ក្សេមក្សាន្ដ,Khsem Khsan
05,0510,051001,ចាន់សែន,Chan Saen
05,0510,051002,ជើងរាស់,Cheung Roas
05,0510,051003,ជំពូព្រឹក្ស,Chumpu Proek
05,0510,051004,ក្រាំងចេក,Krang Chek
05,0510,051005,មានជ័យ,Mean Chey
05,0510,051006,ព្រៃក្រសាំង,Prey Krasang
05,0510,051007,យុទ្ធសាមគ្គី,Yut Sammeakki
05,0510,051008,ដំណាក់រាំង,Damnak Reang
05,0510,051009,ពាំងល្វា,Peang Lvea
05,0510,051010,ភ្នំតូច,Phnum Touch
06,0601,060101,បាក់ស្នា,Bak Sna
06,0601,060102,បល្ល័ង្គ,Ballang
06,0601,060103,បារាយណ៍,Baray
06,0601,060104,បឹង,Boeng
06,0601,060105,ចើងដើង,Chaeung Daeung
06,0601,060107,ឈូកខ្សាច់,Chhuk Khsach
06,0601,060108,ចុងដូង,Chong Doung
06,0601,060110,គគីធំ,Kokir Thum
06,0601,060111,ក្រវ៉ា,Krava
06,0601,060117,ត្នោតជុំ,Tnaot Chum
06,0602,060201,ជ័យ,Chey
06,0602,060202,ដំរីស្លាប់,Damrei Slab
06,0602,060203,កំពង់គោ,Kampong Kou
06,0602,060204,កំពង់ស្វាយ,Kampong Svay
06,0602,060205,នីពេជ,Nipech
06,0602,060206,ផាត់សណ្ដាយ,Phat Sanday
06,0602,060207,សាន់គ,San Ko
06,0602,060208,ត្បែង,Tbaeng
06,0602,060209,ត្រពាំងឫស្សី,Trapeang Ruessei
06,0602,060210,ក្ដីដូង,Kdei Doung
06,0602,060211,ព្រៃគុយ,Prey Kuy
06,0603,060301,ដំរីជាន់ខ្លា,Damrei Choan Khla
06,0603,060302,កំពង់ធំ,Kampong Thum
06,0603,060303,កំពង់រទេះ,Kampong Roteh
06,0603,060304,អូរកន្ធរ,Ou Kanthor
06,0603,060306,កំពង់ក្របៅ,Kampong Krabau
06,0603,060308,ព្រៃតាហ៊ូ,Prey Ta Hu
06,0603,060309,អាចារ្យលាក់,Achar Leak
06,0603,060310,ស្រយ៉ូវ,Srayouv
06,0604,060401,ដូង,Doung
06,0604,060402,ក្រយា,Kraya
06,0604,060403,ផាន់ញើម,Phan Nheum
06,0604,060404,សាគ្រាម,Sakream
06,0604,060405,សាលាវិស័យ,Sala Visai
06,0604,060406,សាមគ្គី,Sammeakki
06,0604,060407,ទួលគ្រើល,Tuol Kreul
06,0605,060501,ឈូក,Chhuk
06,0605,060502,គោល,Koul
06,0605,060503,សំបូរណ៍,Sambour
06,0605,060504,ស្រើង,Sraeung
06,0605,060505,តាំងក្រសៅ,Tang Krasau
06,0606,060601,ឈើទាល,Chheu Teal
06,0606,060602,ដងកាំបិត,Dang Kambet
06,0606,060603,ក្លែង,Klaeng
06,0606,060604,មានរិទ្ធ,Mean Rit
06,0606,060605,មានជ័យ,Mean Chey
06,0606,060606,ងន,Ngon
06,0606,060607,សណ្ដាន់,Sandan
06,0606,060608,សុចិត្រ,Sochet
06,0606,060609,ទំរីង,Tum Ring
06,0607,060701,បឹងល្វា,Boeng Lvea
06,0607,060702,ជ្រាប់,Chroab
06,0607,060703,កំពង់ថ្ម,Kampong Thma
06,0607,060704,កកោះ,Kakaoh
06,0607,060705,ក្រយា,Kraya
06,0607,060706,ព្នៅ,Pnov
06,0607,060707,ប្រាសាទ,Prasat
06,0607,060708,តាំងក្រសាំង,Tang Krasang
06,0607,060709,ទីពោ,Ti Pou
06,0607,060710,ត្បូងក្រពើ,Tboung Krapeu
06,0608,060801,បន្ទាយស្ទោង,Banteay Stoung
06,0608,060802,ចំណាក្រោម,Chamna Kraom
06,0608,060803,ចំណាលើ,Chamna Leu
06,0608,060804,កំពង់ចិនជើង,Kampong Chen Cheung
06,0608,060805,កំពង់ចិនត្បូង,Kampong Chen Tboung
06,0608,060806,ម្សាក្រង,Msa Krang
06,0608,060807,ពាមបាង,Peam Bang
06,0608,060808,ពពក,Popok
06,0608,060809,ប្រឡាយ,Pralay
06,0608,060810,ព្រះដំរី,Preah Damrei
06,0608,060811,រុងរឿង,Rung Roeang
06,0608,060812,សំព្រោជ,Samprouch
06,0608,060813,ទ្រា,Trea
06,0609,060901,ពង្រ,Pungro
06,0609,060902,ច្រនាង,Chraneang
06,0609,060903,ជ្រលង,Chrolong
06,0609,060904,ទ្រៀល,Triel
06,0609,060905,សូយោង,Sou Young
06,0609,060906,ស្រឡៅ,Sralau
06,0609,060907,ស្វាយភ្លើង,Svay Phleung
06,0609,060908,អណ្ដូងពោធិ៍,Andoung Pou
07,0701,070101,អង្គភ្នំតូច,Ang Phnum Touch
07,0701,070102,អង្គរជ័យ,Ankor Chey
07,0701,070103,ចំប៉ី,Champei
07,0701,070104,ដំបូកខ្ពស់,Dambouk Khpuos
07,0701,070105,ដានគោម,Dan Koum
07,0701,070106,ដើមដូង,Daeum Doung
07,0701,070107,ម្រោម,Mroum
07,0701,070108,ភ្នំកុង,Phnum Kong
07,0701,070109,ប្រភ្នំ,Praphnum
07,0701,070110,សំឡាញ,Samlanh
07,0701,070111,តានី,Tani
07,0702,070201,បន្ទាយមាសខាងកើត,Banteay Meas Khang Kaeut
07,0702,070202,បន្ទាយមាសខាងលិច,Banteay Meas Khang Lech
07,0702,070203,ព្រៃទន្លេ,Prey Tonle
07,0702,070204,សំរោងក្រោម,Samraong Kraom
07,0702,070205,សំរោងលើ,Samraong Leu
07,0702,070206,ស្ដេចគង់ខាងជើង,Sdach Kung Khang Cheung
07,0702,070207,ស្ដេចគង់ខាងលិច,Sdach Kung Khang Lech
07,0702,070208,ស្ដេចគង់ខាងត្បូង,Sdach Kung Khang Tboung
07,0702,070209,ត្នោតចុងស្រង់,Tnoat Chong Srang
07,0702,070210,ត្រពាំងសាលាខាងកើត,Trapeang Sala Khang Kaeut
07,0702,070211,ត្រពាំងសាលាខាងលិច,Trapeang Sala Khang Lech
07,0702,070212,ទូកមាសខាងកើត,Tuk Meas Khang Kaeut
07,0702,070213,ទូកមាសខាងលិច,Tuk Meas Khang Lech
07,0702,070214,វត្ដអង្គខាងជើង,Voat Ang Khang Cheung
07,0702,070215,វត្ដអង្គខាងត្បូង,Voat Ang Khang Tboung
07,0703,070301,បានៀវ,Ba Niev
07,0703,070302,តាកែន,Ta Kaen
07,0703,070303,បឹងនិមល,Boeng Nimul
07,0703,070304,ឈូក,Chhuk
07,0703,070305,ដូនយ៉យ,Doun Yay
07,0703,070306,ក្រាំងស្បូវ,Krang Sbouv
07,0703,070307,ក្រាំងស្នាយ,Krang Snay
07,0703,070308,ល្បើក,Lbaeuk
07,0703,070309,ត្រពាំងភ្លាំង,Trapeang Phleang
07,0703,070310,មានជ័យ,Mean Chey
07,0703,070311,នារាយណ៍,Neareay
07,0703,070312,សត្វពង,Satv Pong
07,0703,070313,ត្រពាំងបី,Trapeang Bei
07,0703,070314,ត្រមែង,Trameaeng
07,0703,070315,តេជោអភិវឌ្ឍន៍,Dechou Akphivoad
07,0704,070401,ច្រេស,Chres
07,0704,070402,ជំពូវន្ដ,Chumpu Voan
07,0704,070403,ស្នាយអញ្ជិត,Snay Anhchit
07,0704,070404,ស្រែចែង,Srae Chaeng
07,0704,070405,ស្រែក្នុង,Srae Knong
07,0704,070406,ស្រែសំរោង,Srae Samraong
07,0704,070407,ត្រពាំងរាំង,Trapeang Reang
07,0705,070501,ដំណាក់សុក្រំ,Damnak Sokram
07,0705,070502,ដងទង់,Dang Tung
07,0705,070503,ឃ្ជាយខាងជើង,Khcheay Khang Cheung
07,0705,070504,ខ្ជាយខាងត្បូង,Khcheay Khang Tboung
07,0705,070505,មានរិទ្ធិ,Mean Rit
07,0705,070506,ស្រែជាខាងជើង,Srae Chea Khang Cheung
07,0705,070507,ស្រែជាខាងត្បូង,Srae Chea Khang Tboung
07,0705,070508,ទទុង,Totung
07,0705,070509,អង្គ រមាស,Ang Romeas
07,0705,070510,ល្អាង,L'ang
07,0706,070601,បឹងសាលាខាងជើង,Boeng Sala Khang Cheung
07,0706,070602,បឹងសាលាខាងត្បូង,Boeng Sala Khang Tboung
07,0706,070603,ដំណាក់កន្ទួតខាងជើង,Damnak Kantuot Khang Cheung
07,0706,070604,ដំណាក់កន្ទួតខាងត្បូង,Damnak Kantuot Khang Tboung
07,0706,070605,កំពង់ត្រាចខាងកើត,Kampong Trach Khang Kaeut
07,0706,070606,កំពង់ត្រាចខាងលិច,Kampong Trach Khang Lech
07,0706,070607,ប្រាសាទភ្នំខ្យង,Prasat Phnum Khyang
07,0706,070608,ភ្នំប្រាសាទ,Phnum Prasat
07,0706,070609,អង្គសុរភី,Ang Sophi
07,0706,070612,ព្រែកក្រឹស,Preaek Kroes
07,0706,070613,ឫស្សីស្រុកខាងកើត,Ruessei Srok Khang Kaeut
07,0706,070614,ឫស្សីស្រុកខាងលិច,Ruessei Srok Khang Lech
07,0706,070615,ស្វាយទងខាងជើង,Svay Tong Khang Cheung
07,0706,070616,ស្វាយទងខាងត្បូង,Svay Tong Khang Tboung
07,0707,070702,ជុំគ្រៀល,Chum Kriel
07,0707,070703,កំពង់ក្រែង,Kampong Kraeng
07,0707,070704,កំពង់សំរោង,Kampong Samraong
07,0707,070705,កណ្ដោល,Kandaol
07,0707,070708,កូនសត្វ,Koun Sat
07,0707,070709,ម៉ាក់ប្រាង្គ,Makprang
07,0707,070712,ព្រៃឃ្មុំ,Prey Khmum
07,0707,070713,ព្រៃថ្នង,Prey Thnang
07,0707,070715,ស្ទឹងកែវ,Stueng Kaev
07,0707,070716,ថ្មី,Thmei
07,0707,070717,ត្រពាំងព្រីង,Trapeang Pring
07,0707,070718,ត្រពាំងសង្កែ,Trapeang Sangkae
07,0707,070719,ត្រពាំងធំ,Trapeang Thum
07,0708,070801,កំពង់កណ្ដាល,Kampong Kandal
07,0708,070802,ក្រាំងអំពិល,Krang Ampil
07,0708,070803,កំពង់បាយ,Kampong Bay
07,0708,070804,អណ្ដូងខ្មែរ,Andoung Khmer
07,0708,070805,ត្រើយកោះ,Traeuy Kaoh
07,0709,070901,បឹងទូក,Boeng Tuk
07,0709,070902,កោះតូច,Kaoh Touch
07,0709,070903,ព្រែកត្នោត,Preaek Tnaot
08,0801,080101,អំពៅព្រៃ,Ampov Prey
08,0801,080102,អន្លង់រមៀត,Anlung Romiet
08,0801,080103,បារគូ,Barku
08,0801,080104,បឹងខ្យាង,Boeng Khyang
08,0801,080105,ជើងកើប,Cheung Kaeub
08,0801,080106,ដើមឫស,Daeum Rues
08,0801,080107,កណ្ដោក,Kandaok
08,0801,080108,ថ្មី,Thmei
08,0801,080109,គោកត្រប់,Kouk Trab
08,0801,080113,ព្រះពុទ្ធ,Preah Put
08,0801,080115,ព្រែករកា,Preaek Roka
08,0801,080116,ព្រែកស្លែង,Preaek Slaeng
08,0801,080117,រកា,Roka
08,0801,080118,រលាំងកែន,Roleang Kaen
08,0801,080122,សៀមរាប,Siem Reab
08,0801,080125,ត្បែង,Tbaeng
08,0801,080127,ត្រពាំងវែង,Trapeang Veaeng
08,0801,080128,ទ្រា,Trea
08,0802,080201,បន្ទាយដែក,Banteay Daek
08,0802,080202,ឈើទាល,Chheu Teal
08,0802,080203,ដីឥដ្ឋ,Dei Ed
08,0802,080204,កំពង់ស្វាយ,Kampong Svay
08,0802,080206,គគីរ,Kokir
08,0802,080207,គគីរធំ,Kokir Thum
08,0802,080208,ភូមិធំ,Phum Thum
08,0802,080211,សំរោងធំ,Samraong Thum
08,0803,080302,ជ័យធំ,Chey Thum
08,0803,080303,កំពង់ចំលង,Kampong Chamlang
08,0803,080304,កោះចូរ៉ាម,Kaoh Chouram
08,0803,080306,ព្រះប្រសប់,Preah Prasab
08,0803,080310,ព្រែកតាមាក់,Preaek Ta Meak
08,0803,080311,ពុកឫស្សី,Puk Ruessei
08,0803,080312,រកាជន្លឹង,Roka Chonlueng
08,0803,080313,សន្លុង,Sanlung
08,0803,080314,ស៊ីធរ,Sithor
08,0803,080316,ស្វាយរមៀត,Svay Romiet
08,0803,080317,តាឯក,Ta Aek
08,0803,080318,វិហារសួគ៌,Vihea Suor
08,0804,080403,កំពង់កុង,Kampong Kong
08,0804,080404,កោះធំ ‹ក›,"Kaoh Thum ""Ka """
08,0804,080405,កោះធំ ‹ខ›,"Kaoh Thum "" Kha """
08,0804,080407,លើកដែក,Leuk Daek
08,0804,080408,ពោធិ៍បាន,Pou Ban
08,0804,080411,ព្រែកថ្មី,Preaek Thmei
08,0805,080501,កំពង់ភ្នំ,Kampong Phnum
08,0805,080502,ក្អមសំណរ,K'am Samnar
08,0805,080503,ខ្ពបអាទាវ,Khpob Ateav
08,0805,080504,ពាមរាំង,Peam Reang
08,0805,080505,ព្រែកដាច់,Preaek Dach
08,0805,080506,ព្រែកទន្លាប់,Preaek Tunloab
08,0805,080507,សណ្ដារ,Sandar
08,0806,080603,បឹងគ្រំ,Boeng Krum
08,0806,080604,កោះកែវ,Kaoh Kaev
08,0806,080605,កោះរះ,Kaoh Reah
08,0806,080606,ល្វាសរ,Lvea Sar
08,0806,080608,ភូមិធំ,Phum Thum
08,0806,080610,ព្រែករៃ,Preaek Rey
08,0806,080611,ព្រែកឫស្សី,Preaek Ruessei
08,0806,080612,សំបួរ,Sambuor
08,0806,080613,សារិកាកែវ,Sarikakaev
08,0806,080614,ថ្មគរ,Thma Kor
08,0806,080615,ទឹកឃ្លាំង,Tuek Khleang
08,0807,080703,ព្រែកអញ្ចាញ,Preaek Anhchanh
08,0807,080704,ព្រែកដំបង,Preaek Dambang
08,0807,080707,រកាកោង ទី ១,Roka Kaong Ti Muoy
08,0807,080708,រកាកោង ទី ២,Roka Kaong Ti Pir
08,0807,080709,ឫស្សីជ្រោយ,Ruessei Chrouy
08,0807,080710,សំបួរមាស,Sambuor Meas
08,0807,080711,ស្វាយអំពារ,Svay Ampear
08,0808,080801,បែកចាន,Baek Chan
08,0808,080803,ឆក់ឈើនាង,Chhak Chheu Neang
08,0808,080804,ដំណាក់អំពិល,Damnak Ampil
08,0808,080807,ក្រាំងម្កាក់,Krang Mkak
08,0808,080808,លំហាច,Lumhach
08,0808,080809,ម្កាក់,Mkak
08,0808,080811,ពើក,Peuk
08,0808,080813,ព្រៃពួច,Prey Puoch
08,0808,080814,សំរោងលើ,Samraong Leu
08,0808,080816,ទួលព្រេជ,Tuol Prech
08,0809,080901,ឈ្វាំង,Chhveang
08,0809,080902,ជ្រៃលាស់,Chrey Loas
08,0809,080903,កំពង់ហ្លួង,Kampong Luong
08,0809,080904,កំពង់អុស,Kampong Os
08,0809,080905,កោះចិន,Kaoh Chen
08,0809,080906,ភ្នំបាត,Phnum Bat
08,0809,080907,ពញាឮ,Ponhea Lueu
08,0809,080910,ព្រែកតាទែន,Preaek Ta Teaen
08,0809,080911,ផ្សារដែក,Phsar Daek
08,0809,080913,ទំនប់ធំ,Tumnub Thum
08,0809,080914,វិហារហ្លួង,Vihea Luong
08,0810,081001,ខ្ពប,Khpob
08,0810,081003,កោះខែល,Kaoh Khael
08,0810,081004,កោះខ្សាច់ទន្លា,Kaoh Khsach Tunlea
08,0810,081005,ក្រាំងយ៉ូវ,Krang Youv
08,0810,081006,ប្រាសាទ,Prasat
08,0810,081007,ព្រែកអំបិល,Preaek Ambel
08,0810,081008,ព្រែកគយ,Preaek Koy
08,0810,081010,ស្អាងភ្នំ,S'ang Phnum
08,0810,081012,ស្វាយប្រទាល,Svay Prateal
08,0810,081014,តាលន់,Ta Lun
08,0810,081015,ត្រើយស្លា,Traeuy Sla
08,0810,081016,ទឹកវិល,Tuek Vil
08,0811,081101,តាក្ដុល,Ta Kdol
08,0811,081102,ព្រែកឫស្សី,Preaek Ruessei
08,0811,081103,ដើមមៀន,Daeum Mien
08,0811,081104,តាខ្មៅ,Ta Khmao
08,0811,081105,ព្រែកហូរ,Preaek Hour
08,0811,081106,កំពង់សំណាញ់,Kampong Samnanh
08,0811,081107,ស្វាយរលំ,Svay Rolum
08,0811,081108,កោះអន្លង់ចិន,Kaoh Anlung Chen
08,0811,081109,សិត្បូ,Settak bou
08,0811,081110,រកាខ្ពស់,Roka Khpuos
08,0812,081201,ឈើខ្មៅ,Chheu Khmau
08,0812,081202,ព្រែកជ្រៃ,Preaek Chrey
08,0812,081203,ព្រែកស្ដី,Preak Sdei
08,0812,081204,ជ្រោយតាកែវ,Chrouy Ta Kaev
08,0812,081205,សំពៅពូន,Sampov Pun
08,0813,081301,បាក់ដាវ,Bak Dav
08,0813,081302,កោះឧកញ៉ាតី,Kaoh Oknha Tei
08,0813,081303,ព្រែកអំពិល,Preaek Ampil
08,0813,081304,ព្រែកលួង,Preaek Luong
08,0813,081305,ព្រែកតាកូវ,Preaek Ta Kouv
08,0813,081306,ស្វាយជ្រំ,Svay Chrum
08,0813,081307,អរិយក្សត្រ,Akrey Ksat
08,0813,081308,សារិកាកែវ,Sarikakaev
08,0813,081309,ពាមឧកញ៉ាអុង,Peam Oknha Ong
08,0813,081310,ព្រែកក្មេង,Preaek Kmeng
08,0813,081311,បារុង,Barong
09,0901,090101,អណ្ដូងទឹក,Andoung Tuek
09,0901,090102,កណ្ដោល,Kandaol
09,0901,090103,តានូន,Ta Nun
09,0901,090104,ថ្មស,Thma Sa
09,0902,090201,កោះស្ដេច,Kaoh Sdach
09,0902,090202,ភ្ញីមាស,Phnhi Meas
09,0902,090203,ព្រែកខ្សាច់,Preaek Khsach
09,0903,090301,ជ្រោយប្រស់,Chrouy Pras
09,0903,090302,កោះកាពិ,Kaoh Kapi
09,0903,090303,តាតៃក្រោម,Ta Tai Kraom
09,0903,090304,ត្រពាំងរូង,Trapeang Rung
09,0904,090401,ស្មាច់មានជ័យ,Smach Mean Chey
09,0904,090402,ដងទង់,Dang Tung
09,0904,090403,ស្ទឹងវែង,Stueng Veaeng
09,0905,090501,ប៉ាក់ខ្លង,Pak Khlang
09,0905,090502,ពាមក្រសោប,Peam Krasaob
09,0905,090503,ទួលគគីរ,Tuol Kokir
09,0906,090601,បឹងព្រាវ,Boeng Preav
09,0906,090602,ជី ខ ក្រោម,Chi Kha Kraom
09,0906,090603,ជី ខ លើ,Chi Kha Leu
09,0906,090604,ជ្រោយស្វាយ,Chrouy Svay
09,0906,090605,ដងពែង,Dang Peaeng
09,0906,090606,ស្រែអំបិល,Srae Ambel
09,0907,090701,តាទៃលើ,Ta Tey Leu
09,0907,090702,ប្រឡាយ,Pralay
09,0907,090703,ជំនាប់,Chumnoab
09,0907,090704,ឫស្សីជ្រុំ,Ruessei Chrum
09,0907,090705,ជីផាត,Chi Phat
09,0907,090706,ថ្មដូនពៅ,Thma Doun Pov
10,1001,100101,ឆ្លូង,Chhloung
10,1001,100102,ដំរីផុង,Damrei Phong
10,1001,100103,ហាន់ជ័យ,Hanchey
10,1001,100104,កំពង់ដំរី,Kampong Damrei
10,1001,100105,កញ្ជរ,Kanhchor
10,1001,100106,ខ្សាច់អណ្ដែត,Khsach Andaet
10,1001,100107,ពង្រ,Pungro
10,1001,100108,ព្រែកសាម៉ាន់,Preaek Saman
10,1002,100207,កោះទ្រង់,Kaoh Trung
10,1002,100208,ក្រគរ,Krakor
10,1002,100209,ក្រចេះ,Kracheh
10,1002,100210,អូរឫស្សី,Ou Ruessei
10,1002,100211,រកាកណ្ដាល,Roka Kandal
10,1003,100301,ចំបក់,Chambak
10,1003,100302,ជ្រោយបន្ទាយ,Chrouy Banteay
10,1003,100303,កំពង់គរ,Kampong Kor
10,1003,100304,កោះតាស៊ុយ,Kaoh Ta Suy
10,1003,100305,ព្រែកប្រសព្វ,Preaek Prasab
10,1003,100306,ឫស្សីកែវ,Ruessei Kaev
10,1003,100307,សោប,Saob
10,1003,100308,តាម៉ៅ,Ta Mau
10,1004,100401,បឹងចារ,Boeng Char
10,1004,100402,កំពង់ចាម,Kampong Cham
10,1004,100404,កោះខ្ញែរ,Kaoh Khnhaer
10,1004,100407,សំបូរ,Sambour
10,1004,100408,សណ្ដាន់,Sandan
10,1004,100409,ស្រែជិះ,Srae Chis
10,1004,100410,វឌ្ឍនៈ,Voadtheaknak
10,1005,100501,ឃ្សឹម,Khsuem
10,1005,100502,ពីរធ្នូ,Pir Thnu
10,1005,100503,ស្នួល,Snuol
10,1005,100504,ស្រែចារ,Srae Char
10,1005,100505,ស្វាយជ្រះ,Svay Chreah
10,1005,100506,គ្រញូងសែនជ័យ,Kranhung Saen Chey
10,1006,100601,បុសលាវ,Bos Leav
10,1006,100602,ចង្ក្រង់,Changkrang
10,1006,100603,ដារ,Dar
10,1006,100604,កន្ទួត,Kantuot
10,1006,100605,គោលាប់,Kou Loab
10,1006,100606,កោះច្រែង,Kaoh Chraeng
10,1006,100607,សំបុក,Sambok
10,1006,100608,ថ្មអណ្ដើក,Thma Andaeuk
10,1006,100609,ថ្មគ្រែ,Thma Kreae
10,1006,100610,ថ្មី,Thmei
10,1007,100701,ក្បាលដំរី,Kbal Damrei
10,1007,100702,អូរគ្រៀង,Ou Krieng
10,1007,100703,អូរកណ្ដៀរសែនជ័យ,Ou Kandie Saen Chey
10,1007,100704,រលួសមានជ័យ,Roluos Mean Chey
10,1007,100705,ស្រែជិះ,Srae Chis
11,1101,110101,ចុងផ្លាស់,Chong Phlah
11,1101,110102,មេម៉ង់,Me Mang
11,1101,110103,ស្រែឈូក,Srae Chhuk
11,1101,110104,ស្រែខ្ទុម,Srae Khtum
11,1101,110105,ស្រែព្រះ,Srae Preah
11,1102,110201,ណងឃីលិក,Nang Khi Lik
11,1102,110202,អ បួនលើ,A Buon Leu
11,1102,110203,រយ៉,Roya
11,1102,110204,សុខសាន្ដ,Sokh San
11,1102,110205,ស្រែហ៊ុយ,Srae Huy
11,1102,110206,ស្រែសង្គម,Srae Sangkum
11,1103,110301,ដាក់ដាំ,Dak Dam
11,1103,110302,សែនមនោរម្យ,Saen Meaknourum
11,1104,110401,ក្រង់តេះ,Krang Teh
11,1104,110402,ពូជ្រៃ,Pu Chrey
11,1104,110403,ស្រែអំពូម,Srae Ampum
11,1104,110404,ប៊ូស្រា,Bu Sra
11,1105,110501,មនោរម្យ,Meaknourum
11,1105,110502,សុខដុម,Sokhak Dom
11,1105,110503,ស្ពានមានជ័យ,Spean Mean Chey
11,1105,110504,រមនា,Rummeaknea
12,1201,120101,ទន្លេបាសាក់,Tonle Basak
12,1201,120109,ទួលទំពូងទី ២,Tuol Tumpung Ti Pir
12,1201,120110,ទួលទំពូងទី ១,Tuol Tumpung Ti Muoy
12,1201,120111,បឹងត្របែក,Boeng Trabaek
12,1201,120112,ផ្សារដើមថ្កូវ,Phsar Daeum Thkov
12,1202,120201,ផ្សារថ្មីទី ១,Phsar Thmei Ti Muoy
12,1202,120202,ផ្សារថ្មីទី ២,Phsar Thmei Ti Pir
12,1202,120203,ផ្សារថ្មីទី ៣,Phsar Thmei Ti Bei
12,1202,120204,បឹងរាំង,Boeng Reang
12,1202,120205,ផ្សារកណ្ដាលទី១,Phsar Kandal Ti Muoy
12,1202,120206,ផ្សារកណ្ដាលទី២,Phsar Kandal Ti Pir
12,1202,120207,ចតុមុខ,Chakto Mukh
12,1202,120208,ជ័យជំនះ,Chey Chumneah
12,1202,120209,ផ្សារចាស់,Phsar Chas
12,1202,120210,ស្រះចក,Srah Chak
12,1202,120211,វត្ដភ្នំ,Voat Phnum
12,1203,120301,អូរឫស្សីទី ១,Ou Ruessei Ti Muoy
12,1203,120302,អូរឫស្សីទី ២,Ou Ruessei Ti Pir
12,1203,120303,អូរឫស្សីទី ៣,Ou Ruessei Ti Bei
12,1203,120304,អូរឫស្សីទី ៤,Ou Ruessei Ti Buon
12,1203,120305,មនោរម្យ,Monourom
12,1203,120306,មិត្ដភាព,Mittapheap
12,1203,120307,វាលវង់,Veal Vong
12,1203,120308,បឹងព្រលឹត,Boeng Proluet
12,1204,120401,ផ្សារដេប៉ូទី ១,Phsar Depou Ti Muoy
12,1204,120402,ផ្សារដេប៉ូទី ២,Phsar Depou TI Pir
12,1204,120403,ផ្សារដេប៉ូទី ៣,Phsar Depo Ti Bei
12,1204,120404,ទឹកល្អក់ទី ១,Tuek L'ak Ti Muoy
12,1204,120405,ទឹកល្អក់ទី ២,Tuek L'ak Ti Pir
12,1204,120406,ទឹកល្អក់ទី ៣,Tuek L'ak Ti Bei
12,1204,120407,បឹងកក់ទី ១,Boeng Kak Ti Muoy
12,1204,120408,បឹងកក់ទី ២,Boeng Kak Ti Pir
12,1204,120409,ផ្សារដើមគរ,Phsar Daeum Kor
12,1204,120410,បឹងសាឡាង,Boeng Salang
12,1205,120501,ដង្កោ,Dangkao
12,1205,120507,ពងទឹក,Pong Tuek
12,1205,120508,ព្រៃវែង,Prey Veaeng
12,1205,120510,ព្រៃស,Prey Sa
12,1205,120512,ក្រាំងពង្រ,Krang Pungro
12,1205,120514,សាក់សំពៅ,Sak Sampov
12,1205,120515,ជើងឯក,Cheung Aek
12,1205,120516,គងនយ,Kong Noy
12,1205,120517,ព្រែកកំពឹស,Preaek Kampues
12,1205,120518,រលួស,Roluos
12,1205,120519,ស្ពានថ្ម,Spean Thma
12,1205,120520,ទៀន,Tien
12,1206,120606,ចាក់អង្រែលើ,Chak Angrae Leu
12,1206,120607,ចាក់អង្រែក្រោម,Chak Angrae Kraom
12,1206,120608,ស្ទឹងមានជ័យទី១,Stueng Mean Chey Ti Muoy
12,1206,120609,ស្ទឹងមានជ័យទី២,Stueng Mean Chey Ti Pir
12,1206,120610,ស្ទឹងមានជ័យទី៣,Stueng Mean Chey Ti Bei
12,1206,120611,បឹងទំពុនទី១,Boeng Tumpun Ti Muoy
12,1206,120612,បឹងទំពុនទី២,Boeng Tumpun Ti Pir
12,1207,120703,ស្វាយប៉ាក,Svay Pak
12,1207,120704,គីឡូម៉ែត្រលេខ៦,Kiloumaet Lekh Prammuoy
12,1207,120706,ឫស្សីកែវ,Ruessei Kaev
12,1207,120711,ច្រាំងចំរេះទី ១,Chrang Chamreh Ti Muoy
12,1207,120712,ច្រាំងចំរេះទី ២,Chrang Chamreh Ti Pir
12,1207,120713,ទួលសង្កែទី១,Tuol Sangkae Ti Mouy
12,1207,120714,ទួលសង្កែទី២,Tuol Sangkae Ti Pir
12,1208,120801,ភ្នំពេញថ្មី,Phnum Penh Thmei
12,1208,120802,ទឹកថ្លា,Tuek Thla
12,1208,120803,ឃ្មួញ,Khmuonh
12,1208,120807,ក្រាំងធ្នង់,Krang Thnung
12,1208,120808,អូរបែកក្អម,Ou Baek K'am
12,1208,120809,គោកឃ្លាង,Kouk Khleang
12,1209,120911,សំរោងក្រោម,Samraong Kraom
12,1209,120912,ត្រពាំងក្រសាំង,Trapeang Krasang
12,1209,120914,កាកាបទី១,Kakab Ti Muoy
12,1209,120915,កាកាបទី២,Kakab Ti Pir
12,1209,120916,ចោមចៅទី១,Chaom Chau Ti Muoy
12,1209,120917,ចោមចៅទី២,Chaom Chau Ti Pir
12,1209,120918,ចោមចៅទី៣,Chaom Chau Ti Bei
12,1210,121001,ក្បាលកោះ,Kbal Kaoh
12,1210,121002,ច្បារអំពៅទី ១,Chbar Ampov Ti Muoy
12,1210,121003,ច្បារអំពៅទី ២,Chbar Ampov Ti Pir
12,1210,121004,និរោធ,Nirouth
12,1210,121005,ព្រែកប្រា,Preaek Pra
12,1210,121006,ព្រែកឯង,Preaek Aeng
12,1210,121007,ព្រែកថ្មី,Preaek Thmei
12,1210,121008,វាលស្បូវ,Veal Sbouv
12,1211,121101,កោះដាច់,Kaoh Dach
12,1211,121102,ជ្រោយចង្វារ,Chrouy Changvar
12,1211,121103,បាក់ខែង,Bak Khaeng
12,1211,121104,ព្រែកលៀប,Preaek Lieb
12,1211,121105,ព្រែកតាសេក,Preaek Ta Sek
12,1212,121201,គោករកា,Kouk Roka
12,1212,121202,ព្រែកព្នៅ,Preaek Pnov
12,1212,121203,ពញាពន់,Pounhea Pun
12,1212,121204,ពន្សាំង,Punsang
12,1212,121205,សំរោង,Samraong
12,1213,121301,បឹងកេងកងទី ១,Boeng Keng Kang Ti Muoy
12,1213,121302,បឹងកេងកងទី ២,Boeng Keng Kang Ti Pir
12,1213,121303,បឹងកេងកងទី ៣,Boeng Keng Kang Ti Bei
12,1213,121304,អូឡាំពិក,Oulampik
12,1213,121305,ទំនប់ទឹក,Tumnub Tuek
12,1213,121306,ទួលស្វាយព្រៃទី ១,Tuol Svay Prey Ti Muoy
12,1213,121307,ទួលស្វាយព្រៃទី ២,Tuol Svay Prey Ti Pir
12,1214,121401,កំបូល,Kamboul
12,1214,121402,កន្ទោក,Kantaok
12,1214,121403,ឪឡោក,Ovlaok
12,1214,121404,ស្នោរ,Snaor
12,1214,121405,ភ្លើងឆេះរទេះ,Phleung Chheh Roteh
12,1214,121406,បឹងធំ,Boeng Thum
12,1214,121407,ប្រទះឡាង,Prateah Lang
13,1301,130101,ស្អាង,S'ang
13,1301,130102,តស៊ូ,Tasu
13,1301,130103,ខ្យង,Khyang
13,1301,130104,ច្រាច់,Chrach
13,1301,130105,ធ្មា,Thmea
13,1301,130106,ពុទ្រា,Puttrea
13,1302,130201,ឆែបមួយ,Chhaeb Muoy
13,1302,130202,ឆែបពីរ,Chhaeb Pir
13,1302,130203,សង្កែមួយ,Sangkae Muoy
13,1302,130204,សង្កែពីរ,Sangkae Pir
13,1302,130205,ម្លូព្រៃមួយ,Mlu Prey Muoy
13,1302,130206,ម្លូព្រៃពីរ,Mlu Prey Pir
13,1302,130207,កំពង់ស្រឡៅមួយ,Kampong Sralau Muoy
13,1302,130208,កំពង់ស្រឡៅពីរ,Kampong Sralau Pir
13,1303,130301,ជាំក្សាន្ដ,Choam Khsan
13,1303,130302,ទឹកក្រហម,Toek Kraham
13,1303,130303,ព្រីងធំ,Pring Thum
13,1303,130304,រំដោះស្រែ,Rumdaoh Srae
13,1303,130305,យាង,Yeang
13,1303,130306,កន្ទួត,Kantuot
13,1303,130308,មរកត,Morokat
13,1303,130307,ស្រអែម,Sra Aem
13,1304,130401,គូលែនត្បូង,Kuleaen Tboung
13,1304,130402,គូលែនជើង,Kuleaen Cheung
13,1304,130403,ថ្មី,Thmei
13,1304,130404,ភ្នំពេញ,Phnum Penh
13,1304,130405,ភ្នំត្បែងពីរ,Phnum Tbaeng Pir
13,1304,130406,ស្រយង់,Srayang
13,1305,130501,របៀប,Robieb
13,1305,130502,រស្មី,Reaksmei
13,1305,130503,រហ័ស,Rohas
13,1305,130504,រុងរឿង,Rung Roeang
13,1305,130505,រីករាយ,Rik Reay
13,1305,130506,រួសរាន់,Ruos Roan
13,1305,130507,រតនៈ,Rottaknak
13,1305,130508,រៀបរយ,Rieb Roy
13,1305,130509,រក្សា,Reaksa
13,1305,130510,រំដោះ,Rumdaoh
13,1305,130511,រមទម,Romtum
13,1305,130512,រមណីយ,Rummeakney
13,1306,130601,ចំរើន,Chamraeun
13,1306,130602,រអាង,Roang
13,1306,130603,ភ្នំត្បែងមួយ,Phnum Tbaeng Muoy
13,1306,130604,ស្ដៅ,Sdau
13,1306,130605,រណសិរ្ស,Reaknak Se
13,1307,130703,ឈានមុខ,Chhean Mukh
13,1307,130704,ពោធិ៍,Pou
13,1307,130705,ប្រមេរុ,Pramae
13,1307,130706,ព្រះឃ្លាំង,Preah Khleang
13,1308,130801,កំពង់ប្រណាក,Kampong Pranak
13,1308,130802,ប៉ាលហាល,Pal Hal
14,1401,140101,បឹងព្រះ,Boeng Preah
14,1401,140102,ជើងភ្នំ,Cheung Phnum
14,1401,140103,ឈើកាច់,Chheu Kach
14,1401,140104,រក្សជ័យ,Reak Chey
14,1401,140105,រោងដំរី,Roung Damrei
14,1401,140106,ស្ដៅកោង,Sdau Kaong
14,1401,140107,ស្ពឺ  ក,Spueu Ka
14,1401,140108,ស្ពឺ  ខ,Spueu Kha
14,1401,140109,ធាយ,Theay
14,1402,140201,ជាច,Cheach
14,1402,140202,ដូនកឹង,Doun Koeng
14,1402,140203,ក្រញូង,Kranhung
14,1402,140204,ក្របៅ,Krabau
14,1402,140205,ស៊ាងឃ្វាង,Seang Khveang
14,1402,140206,ស្មោងខាងជើង,Smaong Khang Cheung
14,1402,140207,ស្មោងខាងត្បូង,Smaong Khang Tboung
14,1402,140208,ត្របែក,Trabaek
14,1403,140301,អន្សោង,Ansaong
14,1403,140302,ចាម,Cham
14,1403,140303,ជាងដែក,Cheang Daek
14,1403,140304,ជ្រៃ,Chrey
14,1403,140305,កន្សោមអក,Kansaom Ak
14,1403,140306,គោខ្ចក,Kou Khchak
14,1403,140307,កំពង់ត្របែក,Kampong Trabaek
14,1403,140308,ពាមមន្ទារ,Peam Muntear
14,1403,140309,ប្រាសាទ,Prasat
14,1403,140310,ប្រធាតុ,Pratheat
14,1403,140311,ព្រៃឈរ,Prey Chhor
14,1403,140312,ព្រៃពោន,Prey Poun
14,1403,140313,ថ្កូវ,Thkouv
14,1404,140401,ចុងអំពិល,Chong Ampil
14,1404,140402,កញ្ជ្រៀច,Kanhchriech
14,1404,140403,ក្ដឿងរាយ,Kdoeang Reay
14,1404,140404,គោកគង់កើត,Kouk Kung Kaeut
14,1404,140405,គោកគង់លិច,Kouk Kung Lech
14,1404,140406,ព្រាល,Preal
14,1404,140407,ថ្មពូន,Thma Pun
14,1404,140408,ត្នោត,Tnaot
14,1405,140501,អង្គរសរ,Angkor Sar
14,1405,140502,ច្រេស,Chres
14,1405,140503,ជីផុច,Chi Phoch
14,1405,140504,ព្រៃឃ្នេស,Prey Khnes
14,1405,140505,ព្រៃរំដេង,Prey Rumdeng
14,1405,140506,ព្រៃទទឹង,Prey Totueng
14,1405,140507,ស្វាយជ្រុំ,Svay Chrum
14,1405,140508,ត្រពាំងស្រែ,Trapeang Srae
14,1406,140601,អង្គរអង្គ,Angkor Angk
14,1406,140602,កំពង់ប្រាសាទ,Kampong Prasat
14,1406,140603,កោះចេក,Kaoh Chek
14,1406,140604,កោះរកា,Kaoh Roka
14,1406,140605,កោះសំពៅ,Kaoh Sampov
14,1406,140606,ក្រាំងតាយ៉ង,Krang Ta Yang
14,1406,140607,ព្រែកក្របៅ,Preaek Krabau
14,1406,140608,ព្រែកសំបួរ,Preaek Sambuor
14,1406,140609,ឫស្សីស្រុក,Ruessei Srok
14,1406,140610,ស្វាយភ្លោះ,Svay Phluoh
14,1407,140701,បាបោង,Ba Baong
14,1407,140702,បន្លិចប្រាសាទ,Banlich Prasat
14,1407,140703,អ្នកលឿង,Neak Loeang
14,1407,140704,ពាមមានជ័យ,Peam Mean Chey
14,1407,140705,ពាមរក៍,Peam Ro
14,1407,140706,ព្រែកខ្សាយ ក,Preaek Khsay Ka
14,1407,140707,ព្រែកខ្សាយ ខ,Preaek Khsay Kha
14,1407,140708,ព្រៃកណ្ដៀង,Prey Kandieng
14,1408,140801,កំពង់ពពិល,Kampong Popil
14,1408,140802,កញ្ចំ,Kanhcham
14,1408,140803,កំពង់ប្រាំង,Kampong Prang
14,1408,140805,មេសរប្រចាន់,Mesar Prachan
14,1408,140807,ព្រៃព្នៅ,Prey Pnov
14,1408,140808,ព្រៃស្នៀត,Prey Sniet
14,1408,140809,ព្រៃស្រឡិត,Prey Sralet
14,1408,140810,រាប,Reab
14,1408,140811,រកា,Roka
14,1409,140901,អង្គររាជ្យ,Angkor Reach
14,1409,140902,បន្ទាយចក្រី,Banteay Chakrei
14,1409,140903,បឹងដោល,Boeng Daol
14,1409,140904,ជៃកំពក,Chey Kampok
14,1409,140905,កំពង់សឹង,Kampong Soeng
14,1409,140906,ក្រាំងស្វាយ,Krang Svay
14,1409,140907,ល្វា,Lvea
14,1409,140908,ព្រះស្ដេច,Preah Sdach
14,1409,140909,រាធរ,Reathor
14,1409,140910,រំចេក,Rumchek
14,1409,140911,សេនារាជឧត្ដម,Sena Reach Otdam
14,1410,141001,បារាយណ៍,Baray
14,1410,141002,ជើងទឹក,Cheung Tuek
14,1410,141003,កំពង់លាវ,Kampong Leav
14,1410,141004,តាកោ,Ta Kao
14,1411,141104,ពោធិ៍រៀង,Pou Rieng
14,1411,141105,ព្រែកអន្ទះ,Preaek Anteah
14,1411,141106,ព្រែកជ្រៃ,Preaek Chrey
14,1411,141107,ព្រៃកន្លោង,Prey Kanlaong
14,1411,141109,កំពង់ឫស្សី,Kampong Ruessei
14,1411,141110,ព្រែកតាសរ,Preaek Ta Sar
14,1412,141201,អំពិលក្រៅ,Ampil Krau
14,1412,141202,ជ្រៃឃ្មុំ,Chrey Khmum
14,1412,141203,ល្វេ,Lve
14,1412,141204,ព្នៅទី ១,Pnov Ti Muoy
14,1412,141205,ព្នៅទី ២,Pnov Ti Pir
14,1412,141206,ពោធិ៍ទី,Pou Ti
14,1412,141207,ព្រែកចង្ក្រាន,Preaek Changkran
14,1412,141208,ព្រៃដើមថ្នឹង,Prey Daeum Thnoeng
14,1412,141209,ព្រៃទឹង,Prey Tueng
14,1412,141210,រំលេច,Rumlech
14,1412,141211,ឫស្សីសាញ់,Ruessei Sanh
14,1413,141301,អង្គរទ្រេត,Angkor Tret
14,1413,141302,ជាខ្លាង,Chea Khlang
14,1413,141303,ជ្រៃ,Chrey
14,1413,141304,ដំរីពួន,Damrei Puon
14,1413,141305,មេបុណ្យ,Me Bon
14,1413,141306,ពានរោង,Pean Roung
14,1413,141307,ពពឺស,Popueus
14,1413,141308,ព្រៃខ្លា,Prey Khla
14,1413,141309,សំរោង,Samraong
14,1413,141310,ស្វាយអន្ទរ,Svay Antor
14,1413,141311,ទឹកថ្លា,Tuek Thla
15,1501,150101,បឹងបត់កណ្ដាល,Boeng Bat Kandaol
15,1501,150102,បឹងខ្នារ,Boeng Khnar
15,1501,150103,ខ្នារទទឹង,Khnar Totueng
15,1501,150104,មេទឹក,Me Tuek
15,1501,150105,អូរតាប៉ោង,Ou Ta Paong
15,1501,150106,រំលេច,Rumlech
15,1501,150107,ស្នាមព្រះ,Snam Preah
15,1501,150108,ស្វាយដូនកែវ,Svay Doun Kaev
15,1501,150110,ត្រពាំងជង,Trapeang Chong
15,1502,150201,អន្លង់វិល,Anlung Vil
15,1502,150203,កណ្ដៀង,Kandieng
15,1502,150204,កញ្ជរ,Kanhchor
15,1502,150205,រាំងទិល,Reang Til
15,1502,150206,ស្រែស្ដុក,Srae Sdok
15,1502,150207,ស្វាយលួង,Svay Luong
15,1502,150208,ស្យា,Sya
15,1502,150209,វាល,Veal
15,1502,150210,កោះជុំ,Kaoh Chum
15,1503,150301,អន្លង់ត្នោត,Anlung Tnaot
15,1503,150302,អន្សាចំបក់,Ansa Chambak
15,1503,150303,បឹងកន្ទួត,Boeng Kantuot
15,1503,150304,ឈើតុំ,Chheu Tom
15,1503,150305,កំពង់លួង,Kampong Luong
15,1503,150306,កំពង់ពោធិ៍,Kampong Pou
15,1503,150307,ក្បាលត្រាច,Kbal Trach
15,1503,150308,អូរសណ្ដាន់,Ou Sandan
15,1503,150309,ស្នាអន្សា,Sna Ansa
15,1503,150310,ស្វាយស,Svay Sa
15,1503,150311,ត្នោតជុំ,Tnaot Chum
15,1504,150401,បាក់ចិញ្ចៀន,Bak Chenhchien
15,1504,150402,លាច,Leach
15,1504,150404,ព្រងិល,Prongil
15,1504,150405,រកាត,Rokat
15,1504,150406,សន្ទ្រែ,Santreae
15,1504,150407,សំរោង,Samraong
15,1505,150501,ចំរើនផល,Chamraeun Phal
15,1505,150503,លលកស,Lolok Sa
15,1505,150504,ផ្ទះព្រៃ,Phteah Prey
15,1505,150505,ព្រៃញី,Prey Nhi
15,1505,150506,រលាប,Roleab
15,1505,150507,ស្វាយអាត់,Svay At
15,1505,150508,បន្ទាយដី,Banteay Dei
15,1506,150601,អូរសោម,Ou Saom
15,1506,150602,ក្រពើពីរ,Krapeu Pir
15,1506,150603,អន្លង់រាប,Anlung Reab
15,1506,150604,ប្រម៉ោយ,Pramaoy
15,1506,150605,ថ្មដា,Thma Da
15,1507,150701,តាលោ,Ta Lou
15,1507,150702,ផ្ទះរុង,Phteah Rung
16,1601,160101,ម៉ាលិក,Malik
16,1601,160103,ញ៉ាង,Nhang
16,1601,160104,តាឡាវ,Ta Lav
16,1602,160201,កាចាញ,Kachanh
16,1602,160202,ឡាបានសៀក,Labansiek
16,1602,160203,យក្ខឡោម,Yeak Laom
16,1602,160204,បឹងកន្សែង,Boeng Kansaeng
16,1603,160301,កក់,Kak
16,1603,160302,កិះចុង,Keh Chong
16,1603,160303,ឡាមីញ,La Minh
16,1603,160304,លុងឃុង,Lung Khung
16,1603,160305,ស៊ើង,Seung
16,1603,160306,ទីងចាក់,Ting Chak
16,1604,160401,សិរីមង្គល,Serei Mangkul
16,1604,160402,ស្រែអង្គ្រង,Srae Angkrong
16,1604,160403,តាអង,Ta Ang
16,1604,160404,តឺន,Teun
16,1604,160405,ត្រពាំងច្រេស,Trapeang Chres
16,1604,160406,ត្រពាំងក្រហម,Trapeang Kraham
16,1605,160501,ជ័យឧត្ដម,Chey Otdam
16,1605,160502,កាឡែង,Ka Laeng
16,1605,160503,ល្បាំង១,Lbang Muoy
16,1605,160504,ល្បាំង២,Lbang Pir
16,1605,160505,បាតាង,Ba Tang
16,1605,160506,សេដា,Seda
16,1606,160601,ចាអ៊ុង,Cha Ung
16,1606,160602,ប៉ូយ,Pouy
16,1606,160603,ឯកភាព,Aekakpheap
16,1606,160604,កាឡៃ,Kalai
16,1606,160605,អូរជុំ,Ou Chum
16,1606,160606,សាមគ្គី,Sammeakki
16,1606,160607,ល្អក់,L'ak
16,1607,160701,បរខាំ,Bar Kham
16,1607,160702,លំជ័រ,Lum Choar
16,1607,160703,ប៉ក់ញ៉ៃ,Pak Nhai
16,1607,160704,ប៉ាតេ,Pa Te
16,1607,160705,សេសាន,Sesan
16,1607,160706,សោមធំ,Saom Thum
16,1607,160707,យ៉ាទុង,Ya Tung
16,1608,160801,តាវែងលើ,Ta Veaeng Leu
16,1608,160802,តាវែងក្រោម,Ta Veaeng Kraom
16,1609,160901,ប៉ុង,Pong
16,1609,160903,ហាត់ប៉ក់,Hat Pak
16,1609,160904,កាចូន,Ka Choun
16,1609,160905,កោះប៉ង់,Kaoh Pang
16,1609,160906,កោះពាក្យ,Kaoh Peak
16,1609,160907,កុកឡាក់,Kok Lak
16,1609,160908,ប៉ាកាឡាន់,Pa Kalan
16,1609,160909,ភ្នំកុក,Phnum Kok
16,1609,160910,វើនសៃ,Veun Sai
17,1701,170101,ចារឈូក,Char Chhuk
17,1701,170102,ដូនពេង,Doun Paeng
17,1701,170103,គោកដូង,Kouk Doung
17,1701,170104,គោល,Koul
17,1701,170105,នគរភាស,Nokor Pheas
17,1701,170106,ស្រែខ្វាវ,Srae Khvav
17,1701,170107,តាសោម,Ta Saom
17,1702,170201,ជប់តាត្រាវ,Chub Ta Trav
17,1702,170202,លាងដៃ,Leang Dai
17,1702,170203,ពាក់ស្នែង,Peak Snaeng
17,1702,170204,ស្វាយចេក,Svay Chek
17,1703,170301,ខ្នារសណ្ដាយ,Khnar Sanday
17,1703,170302,ឃុនរាម,Khun Ream
17,1703,170303,ព្រះដាក់,Preah Dak
17,1703,170304,រំចេក,Rumchek
17,1703,170306,ត្បែង,Tbaeng
17,1704,170401,អន្លង់សំណរ,Anlung Samnar
17,1704,170402,ជីក្រែង,Chi Kraeng
17,1704,170403,កំពង់ក្ដី,Kampong Kdei
17,1704,170404,ខ្វាវ,Khvav
17,1704,170405,គោកធ្លកក្រោម,Kouk Thlok Kraom
17,1704,170406,គោកធ្លកលើ,Kouk Thlok Leu
17,1704,170407,ល្វែងឫស្សី,Lveaeng Ruessei
17,1704,170408,ពង្រក្រោម,Pungro Kraom
17,1704,170409,ពង្រលើ,Pongro Leu
17,1704,170410,ឫស្សីលក,Ruessei Lok
17,1704,170411,សង្វើយ,Sangvaeuy
17,1704,170412,ស្ពានត្នោត,Spean Tnaot
17,1706,170601,ចន្លាសដៃ,Chanleas Dai
17,1706,170602,កំពង់ថ្កូវ,Kampong Thkouv
17,1706,170603,ក្រឡាញ់,Kralanh
17,1706,170604,ក្រូចគរ,Krouch Kor
17,1706,170605,រោងគោ,Roung Kou
17,1706,170606,សំបួរ,Sambuor
17,1706,170607,សែនសុខ,Saen Sokh
17,1706,170608,ស្នួល,Snuol
17,1706,170609,ស្រណាល,Sranal
17,1706,170610,តាអាន,Ta An
17,1707,170701,សសរស្ដម្ភ,Sasar Sdam
17,1707,170702,ដូនកែវ,Doun Kaev
17,1707,170703,ក្ដីរុន,Kdei Run
17,1707,170704,កែវពណ៌,Kaev Poar
17,1707,170705,ខ្នាត,Khnat
17,1707,170707,ល្វា,Lvea
17,1707,170708,មុខប៉ែន,Mukh Paen
17,1707,170709,ពោធិ៍ទ្រាយ,Pou Treay
17,1707,170710,ពួក,Puok
17,1707,170711,ព្រៃជ្រូក,Prey Chruk
17,1707,170712,រើល,Reul
17,1707,170713,សំរោងយា,Samraong Yea
17,1707,170715,ត្រីញ័រ,Trei Nhoar
17,1707,170716,យាង,Yeang
17,1709,170902,បាគង,Bakong
17,1709,170904,កំពង់ភ្លុក,Kampong Phluk
17,1709,170905,កន្ទ្រាំង,Kantreang
17,1709,170906,កណ្ដែក,Kandaek
17,1709,170907,មានជ័យ,Mean Chey
17,1709,170908,រលួស,Roluos
17,1709,170909,ត្រពាំងធំ,Trapeang Thum
17,1709,170910,អំពិល,Ampil
17,1710,171001,ស្លក្រាម,Sla Kram
17,1710,171002,ស្វាយដង្គំ,Svay Dankum
17,1710,171003,គោកចក,Kouk Chak
17,1710,171004,សាលាកំរើក,Sala Kamraeuk
17,1710,171005,នគរធំ,Nokor Thum
17,1710,171006,ជ្រាវ,Chreav
17,1710,171007,ចុងឃ្នៀស,Chong Khnies
17,1710,171008,សំបួរ,Sngkat Sambuor
17,1710,171009,សៀមរាប,Siem Reab
17,1710,171010,ស្រង៉ែ,Srangae
17,1710,171012,ក្របីរៀល,Krabei Riel
17,1710,171013,ទឹកវិល,Tuek Vil
17,1711,171101,ចាន់ស,Chan Sa
17,1711,171102,ដំដែក,Dam Daek
17,1711,171103,ដានរុន,Dan Run
17,1711,171104,កំពង់ឃ្លាំង,Kampong Khleang
17,1711,171105,កៀនសង្កែ,Kien Sangkae
17,1711,171106,ខ្ចាស់,Khchas
17,1711,171107,ខ្នារពោធិ៍,Khnar Pou
17,1711,171108,ពពេល,Popel
17,1711,171109,សំរោង,Samraong
17,1711,171110,តាយ៉ែក,Ta Yaek
17,1712,171201,ជ្រោយនាងងួន,Chrouy Neang Nguon
17,1712,171202,ក្លាំងហាយ,Klang Hay
17,1712,171203,ត្រាំសសរ,Tram Sasar
17,1712,171204,មោង,Moung
17,1712,171205,ប្រីយ៍,Prei
17,1712,171206,ស្លែងស្ពាន,Slaeng Spean
17,1713,171301,បឹងមាលា,Boeng Mealea
17,1713,171302,កន្ទួត,Kantuot
17,1713,171303,ខ្នងភ្នំ,Khnang Phnum
17,1713,171304,ស្វាយលើ,Svay Leu
17,1713,171305,តាសៀម,Ta Siem
17,1714,171401,ប្រាសាទ,Prasat
17,1714,171402,ល្វាក្រាំង,Lvea Krang
17,1714,171403,ស្រែណូយ,Srae Nouy
17,1714,171404,ស្វាយ ស,Svay Sa
17,1714,171405,វ៉ារិន,Varin
17,1715,171501,រុនតាឯក,Run Ta Aek
17,1715,171502,បល្ល័ង្ក,Ballang
18,1801,180101,លេខ១,Lekh Muoy
18,1801,180102,លេខ២,Lekh Pir
18,1801,180103,លេខ៣,Lekh Bei
18,1801,180104,លេខ៤,Lekh Buon
18,1802,180201,អណ្ដូងថ្ម,Andoung Thma
18,1802,180204,ជើងគោ,Cheung Kou
18,1802,180207,ព្រៃនប់,Prey Nob
18,1802,180209,សាមគ្គី,Sameakki
18,1802,180210,សំរុង,Samrong
18,1802,180211,ទឹកល្អក់,Tuek Lak
18,1802,180212,ទឹកថ្លា,Tuek Thla
18,1802,180213,ទួលទទឹង,Tuol Totueng
18,1802,180214,វាលរេញ,Veal Renh
18,1802,180215,តានៃ,Ta Ney
18,1803,180301,កំពេញ,Kampenh
18,1803,180302,អូរត្រេះ,Ou Treh
18,1803,180303,ទំនប់រលក,Tumnob Rolok
18,1803,180304,កែវផុស,Kaev Phos
18,1804,180401,ចំការហ្លួង,Chamkar Luong
18,1804,180402,កំពង់សីលា,Kampong Seila
18,1804,180403,អូរបាក់រទេះ,Ou Bak Roteh
18,1804,180404,ស្ទឹងឆាយ,Stueng Chhay
18,1805,180501,កោះរ៉ុង,Kaoh Rung
18,1805,180502,កោះរ៉ុងសន្លឹម,Koah Rung Sonlem
18,1806,180601,បឹងតាព្រហ្ម,Boeng Ta Prum
18,1806,180602,បិតត្រាង,Bet Trang
18,1806,180603,អូរជ្រៅ,Ou Chrov
18,1806,180604,អូរឧកញ៉ាហេង,Ou Oknha Heng
18,1806,180605,រាម,Ream
19,1901,190101,កំភុន,Kamphun
19,1901,190102,ក្បាលរមាស,Kbal Romeas
19,1901,190103,ភ្លុក,Phluk
19,1901,190104,សាមឃួយ,Samkhuoy
19,1901,190105,ស្ដៅ,Sdau
19,1901,190106,ស្រែគរ,Srae Kor
19,1901,190107,តាឡាត,Ta Lat
19,1902,190201,កោះព្រះ,Kaoh Preah
19,1902,190202,កោះសំពាយ,Kaoh Sampeay
19,1902,190203,កោះស្រឡាយ,Kaoh Sralay
19,1902,190204,អូរម្រះ,Ou Mreah
19,1902,190205,អូរឫស្សីកណ្ដាល,Ou Ruessei Kandal
19,1902,190206,សៀមបូក,Siem Bouk
19,1902,190207,ស្រែក្រសាំង,Srae Krasang
19,1903,190301,ព្រែកមាស,Preaek Meas
19,1903,190302,សេកុង,Sekong
19,1903,190303,សន្ដិភាព,Santepheap
19,1903,190304,ស្រែសំបូរ,Srae Sambour
19,1903,190305,ថ្មកែវ,Tma Kaev
19,1904,190401,ស្ទឹងត្រែង,Stueng Traeng
19,1904,190402,ស្រះឫស្សី,Srah Ruessei
19,1904,190403,ព្រះបាទ,Preah Bat
19,1904,190404,សាមគ្គី,Sameakki
19,1905,190501,អន្លង់ភេ,Anlung Phe
19,1905,190502,ចំការលើ,Chamkar Leu
19,1905,190503,កាំងចាម,Kang Cham
19,1905,190505,អន្លង់ជ្រៃ,Anlung Chrey
19,1905,190506,អូររ៉ៃ,Ou Rai
19,1905,190509,សំអាង,Sam Ang
19,1905,190510,ស្រែឫស្សី,Srae Ruessei
19,1905,190511,ថាឡាបរិវ៉ាត់,Thala Barivat
19,1906,190601,អូរស្វាយ,Ou Svay
19,1906,190602,កោះស្នែង,Kaoh Snaeng
19,1906,190603,ព្រះរំកិល,Preah Rumkel
20,2001,200103,ចន្ទ្រា,Chantrea
20,2001,200104,ច្រេស,Chres
20,2001,200105,មេ សរថ្ងក,Me Sar Thngak
20,2001,200108,ព្រៃគគីរ,Prey Kokir
20,2001,200109,សំរោង,Samraong
20,2001,200110,ទួលស្ដី,Tuol Sdei
20,2002,200201,បន្ទាយក្រាំង,Banteay Krang
20,2002,200202,ញរ,Nhor
20,2002,200203,ខ្សែត្រ,Khsaet
20,2002,200204,ព្រះពន្លា,Preah Punlea
20,2002,200205,ព្រៃធំ,Prey Thum
20,2002,200206,រាជមន្ទីរ,Reach Monti
20,2002,200207,សំឡី,Samlei
20,2002,200208,សំយ៉ោង,Samyaong
20,2002,200209,ស្វាយតាយាន,Svay Ta Yean
20,2002,200211,ថ្មី,Thmei
20,2002,200212,ត្នោត,Tnaot
20,2003,200301,បុសមន,Bos Mon
20,2003,200302,ធ្មា,Thmea
20,2003,200303,កំពង់ចក,Kampong Chak
20,2003,200304,ជ្រុងពពេល,Chrung Popel
20,2003,200305,កំពង់អំពិល,Kampong Ampil
20,2003,200306,ម៉ឺនជ័យ,Meun Chey
20,2003,200307,ពងទឹក,Pong Tuek
20,2003,200308,សង្កែ,Sangkae
20,2003,200309,ស្វាយចេក,Svay Chek
20,2003,200310,ថ្នាធ្នង់,Thna Thnung
20,2004,200401,អំពិល,Ampil
20,2004,200402,អណ្ដូងពោធិ៍,Andoung Pou
20,2004,200403,អណ្ដូងត្របែក,Andoung Trabaek
20,2004,200404,អង្គប្រស្រែ,Ang Prasrae
20,2004,200405,ចន្ដ្រី,Chantrei
20,2004,200406,ជ្រៃធំ,Chrey Thum
20,2004,200407,ដូង,Doung
20,2004,200408,កំពង់ត្រាច,Kampong Trach
20,2004,200409,គគីរ,Kokir
20,2004,200410,ក្រសាំង,Krasang
20,2004,200411,មុខដា,Mukh Da
20,2004,200412,ម្រាម,Mream
20,2004,200413,សំបួរ,Sambuor
20,2004,200414,សម្បត្ដិមានជ័យ,Sambat Mean Chey
20,2004,200415,ត្រពាំងស្ដៅ,Trapeang Sdau
20,2004,200416,ត្រស់,Tras
20,2005,200501,អង្គតាសូ,Ang Ta Sou
20,2005,200502,បាសាក់,Basak
20,2005,200503,ចំបក់,Chambak
20,2005,200504,កំពង់ចំឡង,Kampong Chamlang
20,2005,200505,តាសួស,Ta Suos
20,2005,200507,ឈើទាល,Chheu Teal
20,2005,200508,ដូនស,Doun Sa
20,2005,200509,គោកព្រីង,Kouk Pring
20,2005,200510,ក្រោលគោ,Kraol Kou
20,2005,200511,គ្រួស,Kruos
20,2005,200512,ពោធិរាជ,Pou Reach
20,2005,200513,ស្វាយអង្គ,Svay Ang
20,2005,200514,ស្វាយជ្រំ,Svay Chrum
20,2005,200515,ស្វាយធំ,Svay Thum
20,2005,200516,ស្វាយយា,Svay Yea
20,2005,200517,ធ្លក,Thlok
20,2006,200601,ស្វាយរៀង,Svay Rieng
20,2006,200602,ព្រៃឆ្លាក់,Prey Chhlak
20,2006,200603,គយត្របែក,Koy Trabaek
20,2006,200604,ពោធិ៍តាហោ,Pou Ta Hao
20,2006,200605,ចេក,Chek
20,2006,200606,ស្វាយតឿ,Svay Toea
20,2006,200607,សង្ឃរ័,Sangkhoar
20,2007,200702,គគីសោម,Koki Saom
20,2007,200703,កណ្ដៀងរាយ,Kandieng Reay
20,2007,200704,មនោរម្យ,Meaknourum
20,2007,200705,ពពែត,Popeaet
20,2007,200706,ព្រៃតាអី,Prey Ta Ei
20,2007,200707,ប្រសូត្រ,Prasout
20,2007,200708,រមាំងថ្កោល,Romeang Thkaol
20,2007,200709,សំបួរ,Sambuor
20,2007,200711,ស្វាយរំពារ,Svay Rumpear
20,2008,200801,បាទី,Bati
20,2008,200802,បាវិត,Bavet
20,2008,200803,ច្រកម្ទេស,Chrak Mtes
20,2008,200804,ប្រាសាទ,Prasat
20,2008,200805,ព្រៃអង្គុញ,Prey Angkunh
21,2101,210101,អង្គរបូរី,Angkor Borei
21,2101,210102,បាស្រែ,Ba Srae
21,2101,210103,គោកធ្លក,Kouk Thlok
21,2101,210104,ពន្លៃ,Punley
21,2101,210105,ព្រែកផ្ទោល,Preaek Phtoul
21,2101,210106,ព្រៃផ្គាំ,Prey Phkoam
21,2102,210201,ចំបក់,Chambak
21,2102,210202,ចំប៉ី,Champei
21,2102,210203,ដូង,Doung
21,2102,210204,កណ្ដឹង,Kandoeng
21,2102,210205,កុមាររាជា,Komar Reachea
21,2102,210206,ក្រាំងលាវ,Krang Leav
21,2102,210207,ក្រាំងធ្នង់,Krang Thnung
21,2102,210208,លំពង់,Lumpung
21,2102,210209,ពារាម,Pea Ream
21,2102,210210,ពត់សរ,Put Sar
21,2102,210211,សូរភី,Souphi
21,2102,210212,តាំងដូង,Tang Doung
21,2102,210213,ត្នោត,Tnaot
21,2102,210214,ត្រពាំងក្រសាំង,Trapeang Krasang
21,2102,210215,ត្រពាំងសាប,Trapeang Sab
21,2103,210301,បូរីជលសារ,Borei Chulsar
21,2103,210302,ជ័យជោគ,Chey Chouk
21,2103,210303,ដូងខ្ពស់,Doung Khpous
21,2103,210304,កំពង់ក្រសាំង,Kampong Krasang
21,2103,210305,គោកពោធិ៍,Kouk Pou
21,2104,210401,អង្គប្រាសាទ,Ang Prasat
21,2104,210402,ព្រះបាទជាន់ជុំ,Preah Bat Choan Chum
21,2104,210403,កំណប់,Kamnab
21,2104,210404,កំពែង,Kampeaeng
21,2104,210405,គីរីចុងកោះ,Kiri Chong Kaoh
21,2104,210406,គោកព្រេច,Kouk Prech
21,2104,210407,ភ្នំដិន,Phnum Den
21,2104,210408,ព្រៃអំពក,Prey Ampok
21,2104,210409,ព្រៃរំដេង,Prey Rumdeng
21,2104,210410,រាមអណ្ដើក,Ream Andaeuk
21,2104,210411,សោម,Saom
21,2104,210412,តាអូរ,Ta Ou
21,2105,210501,ក្រពុំឈូក,Krapum Chhuk
21,2105,210502,ពេជសារ,Pech Sar
21,2105,210503,ព្រៃខ្លា,Prey Khla
21,2105,210504,ព្រៃយុថ្កា,Prey Yuthka
21,2105,210505,រមេញ,Romenh
21,2105,210506,ធ្លាប្រជុំ,Thlea Prachum
21,2106,210601,អង្កាញ់,Angkanh
21,2106,210602,បានកាម,Ban Kam
21,2106,210603,ចំប៉ា,Champa
21,2106,210604,ចារ,Char
21,2106,210605,កំពែង,Kampeaeng
21,2106,210606,កំពង់រាប,Kampong Reab
21,2106,210607,ក្ដាញ់,Kdanh
21,2106,210608,ពោធិ៍រំចាក,Pou Rumchak
21,2106,210609,ព្រៃកប្បាស,Prey Kabbas
21,2106,210610,ព្រៃល្វា,Prey Lvea
21,2106,210611,ព្រៃផ្ដៅ,Prey Phdau
21,2106,210612,ស្នោ,Snao
21,2106,210613,តាំងយ៉ាប,Tang Yab
21,2107,210701,បឹងត្រាញ់ខាងជើង,Boeng Tranh Khang Cheung
21,2107,210702,បឹងត្រាញ់ខាងត្បូង,Boeng Tranh Khang Tboung
21,2107,210703,ជើងគួន,Cheung Kuon
21,2107,210704,ជំរះពេន,Chumreah Pen
21,2107,210705,ខ្វាវ,Khvav
21,2107,210706,លំចង់,Lumchang
21,2107,210707,រវៀង,Rovieng
21,2107,210708,សំរោង,Samraong
21,2107,210709,សឹង្ហ,Soeng
21,2107,210710,ស្លា,Sla
21,2107,210711,ទ្រា,Trea
21,2108,210801,បារាយណ៍,Baray
21,2108,210802,រកាក្នុង,Roka Knong
21,2108,210803,រកាក្រៅ,Roka Krau
21,2109,210901,អង្គតាសោម,Ang Ta Saom
21,2109,210902,ជាងទង,Cheang Tong
21,2109,210903,គុស,Kus
21,2109,210904,លាយបូរ,Leay Bour
21,2109,210905,ញ៉ែងញ៉ង,Nhaeng Nhang
21,2109,210906,អូរសារាយ,Ou Saray
21,2109,210907,ត្រពាំងក្រញូង,Trapeang Kranhung
21,2109,210908,ឧត្ដមសុរិយា,Otdam Soriya
21,2109,210909,ពពេល,Popel
21,2109,210910,សំរោង,Samraong
21,2109,210911,ស្រែរនោង,Srae Ronoung
21,2109,210912,តាភេម,Ta Phem
21,2109,210913,ត្រាំកក់,Tram Kak
21,2109,210914,ត្រពាំងធំខាងជើង,Trapeang Thum Khang Cheung
21,2109,210915,ត្រពាំងធំខាងត្បូង,Trapeang Thum Khang Tboung
21,2110,211001,អង្កាញ់,Angkanh
21,2110,211002,អង្គខ្នុរ,Angk Khnor
21,2110,211003,ជីខ្មា,Chi Khma
21,2110,211004,ខ្វាវ,Khvav
21,2110,211005,ប្រាំបីមុំ,Prambei Mum
21,2110,211006,អង្គកែវ,Ang Kaev
21,2110,211007,ព្រៃស្លឹក,Prey Sloek
21,2110,211008,រនាម,Roneam
21,2110,211009,សំបួរ,Sambuor
21,2110,211010,សន្លុង,Sanlung
21,2110,211011,ស្មោង,Smaong
21,2110,211012,ស្រង៉ែ,Srangae
21,2110,211013,ធ្លក,Thlok
21,2110,211014,ត្រឡាច,Tralach
22,2201,220101,អន្លង់វែង,Anlung Veaeng
22,2201,220103,ត្រពាំងតាវ,Trapeang Tav
22,2201,220104,ត្រពាំងប្រីយ៍,Trapeang Prei
22,2201,220105,ថ្លាត,Thlat
22,2201,220106,លំទង,Lumtong
22,2202,220201,អំពិល,Ampil
22,2202,220202,បេង,Beng
22,2202,220203,គោកខ្ពស់,Kouk Khpuos
22,2202,220204,គោកមន,Kouk Mon
22,2203,220301,ជើងទៀន,Cheung Tien
22,2203,220302,ចុងកាល់,Chong Kal
22,2203,220303,ក្រសាំង,Krasang
22,2203,220304,ពង្រ,Pongro
22,2204,220401,បន្សាយរាក់,Bansay Reak
22,2204,220402,បុស្បូវ,Bos Sbouv
22,2204,220403,កូនក្រៀល,Koun Kriel
22,2204,220404,សំរោង,Samraong
22,2204,220405,អូរស្មាច់,Ou Smach
22,2205,220501,បាក់អន្លូង,Bak Anlung
22,2205,220502,ផ្អាវ,Ph'av
22,2205,220503,អូរស្វាយ,Ou Svay
22,2205,220504,ព្រះប្រឡាយ,Preah Pralay
22,2205,220505,ទំនប់ដាច់,Tumnub Dach
22,2205,220506,ត្រពាំងប្រាសាទ,Trapeang Prasat
23,2301,230101,អង្កោល,Angkaol
23,2301,230103,ពងទឹក,Pong Tuek
23,2302,230201,កែប,Kaeb
23,2302,230202,ព្រៃធំ,Prey Thum
23,2302,230203,អូរក្រសារ,Ou Krasar
24,2401,240101,ប៉ៃលិន,Pailin
24,2401,240102,អូរតាវ៉ៅ,Ou Ta Vau
24,2401,240103,ទួលល្វា,Tuol Lvea
24,2401,240104,បរយ៉ាខា,Ba Yakha
24,2402,240201,សាលាក្រៅ,Sala Krau
24,2402,240202,ស្ទឹងត្រង់,Stueng Trang
24,2402,240203,ស្ទឹងកាច់,Stueng Kach
24,2402,240204,អូរអណ្ដូង,Ou Andoung
25,2501,250101,ចុងជាច,Chong Cheach
25,2501,250102,តំបែរ,Dambae
25,2501,250103,គោកស្រុក,Kouk Srok
25,2501,250104,នាងទើត,Neang Teut
25,2501,250105,សេដា,Seda
25,2501,250106,ទឹកជ្រៅ,Tuek Chrov
25,2501,250107,ត្រពាំងព្រីង,Trapeang Pring
25,2502,250201,ឈូក,Chhuk
25,2502,250202,ជំនីក,Chumnik
25,2502,250203,កំពង់ទ្រាស,Kampong Treas
25,2502,250204,កោះពីរ,Kaoh Pir
25,2502,250205,ក្រូចឆ្មារ,Krouch Chhmar
25,2502,250206,ប៉ឺស១,Peus Muoy
25,2502,250207,ប៉ឺស២,Peus Pir
25,2502,250208,ព្រែកអាជី,Preaek A chi
25,2502,250209,រការខ្នុរ,Roka Khnor
25,2502,250210,ស្វាយឃ្លាំង,Svay Khleang
25,2502,250211,ទ្រា,Trea
25,2502,250212,ទួលស្នួល,Tuol Snuol
25,2503,250301,ចាន់មូល,Chan Mul
25,2503,250302,ជាំ,Choam
25,2503,250303,ជាំក្រវៀន,Choam Kravien
25,2503,250304,ជាំតាម៉ៅ,Choam Ta Mau
25,2503,250305,ដារ,Dar
25,2503,250306,កំពាន់,Kampoan
25,2503,250307,មេមង,Memong
25,2503,250308,មេមត់,Memut
25,2503,250309,រូង,Rung
25,2503,250310,រំចេក,Rumchek
25,2503,250311,ត្រមូង,Tramung
25,2503,250312,ទន្លូង,Tonlung
25,2503,250313,ទ្រៀក,Triek
25,2503,250314,គគីរ,Kokir
25,2503,250315,គគីរ,Kokir
25,2503,250316,គគីរ,Kokir
25,2503,250317,គគីរ,Kokir
25,2503,250318,គគីរ,Kokir
25,2503,250319,គគីរ,Kokir
25,2503,250320,គគីរ,Kokir
25,2503,250321,គគីរ,Kokir
25,2504,250401,អំពិលតាពក,Ampil Ta Pok
25,2504,250402,ចក,Chak
25,2504,250403,ដំរិល,Damril
25,2504,250404,គងជ័យ,Kong Chey
25,2504,250405,មៀន,Mien
25,2504,250406,ព្រះធាតុ,Preah Theat
25,2504,250407,ទួលសូភី,Tuol Souphi
25,2505,250501,ដូនតី,Dountei
25,2505,250502,កក់,Kak
25,2505,250503,កណ្ដោលជ្រុំ,Kandaol Chrum
25,2505,250504,កោងកាង,Kaong Kang
25,2505,250505,ក្រែក,Kraek
25,2505,250506,ពពេល,Popel
25,2505,250507,ត្រពាំងផ្លុង,Trapeang Phlong
25,2505,250508,វាលម្លូរ,Veal Mlu
25,2506,250601,សួង,Suong
25,2506,250602,វិហារលួង,Vihea Luong
25,2507,250701,អញ្ចើម,Anhchaeum
25,2507,250702,បឹងព្រួល,Boeng Pruol
25,2507,250703,ជីគរ,Chikor
25,2507,250704,ជីរោទ៍ ទី១,Chirou Ti Muoy
25,2507,250705,ជីរោទ៍ ទី២,Chirou Ti Pir
25,2507,250706,ជប់,Chob
25,2507,250707,គរ,Kor
25,2507,250708,ល្ងៀង,Lngieng
25,2507,250709,មង់រៀវ,Mong Riev
25,2507,250710,ពាមជីលាំង,Peam Chileang
25,2507,250711,រកា ព ប្រាំ,Roka Po Pram
25,2507,250712,ស្រឡប់,Sralab
25,2507,250713,ថ្មពេជ្រ,Thma Pech
25,2507,250714,ទន្លេបិទ,Tonle Bet
